-- phpMyAdmin SQL Dump
-- version 5.2.1
-- https://www.phpmyadmin.net/
--
-- Hôte : 127.0.0.1
-- Généré le : mar. 01 avr. 2025 à 09:02
-- Version du serveur : 10.4.32-MariaDB
-- Version de PHP : 8.2.12

SET SQL_MODE = "NO_AUTO_VALUE_ON_ZERO";
START TRANSACTION;
SET time_zone = "+00:00";


/*!40101 SET @OLD_CHARACTER_SET_CLIENT=@@CHARACTER_SET_CLIENT */;
/*!40101 SET @OLD_CHARACTER_SET_RESULTS=@@CHARACTER_SET_RESULTS */;
/*!40101 SET @OLD_COLLATION_CONNECTION=@@COLLATION_CONNECTION */;
/*!40101 SET NAMES utf8mb4 */;

--
-- Base de données : `tom_troc`
--

-- --------------------------------------------------------

--
-- Structure de la table `book`
--

CREATE TABLE `book` (
  `id` int(11) NOT NULL,
  `title` varchar(120) NOT NULL,
  `author` varchar(45) NOT NULL,
  `comment` text NOT NULL,
  `available` tinyint(4) NOT NULL,
  `idMember` int(11) NOT NULL,
  `picture` varchar(255) DEFAULT 'https://preview.free3d.com/img/2016/08/1851631529512404705/bvxq8qpk.jpg'
) ENGINE=InnoDB DEFAULT CHARSET=utf8 COLLATE=utf8_general_ci;

--
-- Déchargement des données de la table `book`
--

INSERT INTO `book` (`id`, `title`, `author`, `comment`, `available`, `idMember`, `picture`) VALUES
(1, 'Alejandro Escamilla', 'Cristian Moscoso', 'Lorem ipsum dolor sit amet, consectetur adipiscing elit. Vivamus ac leo vitae dolor feugiat convallis. \r\n    Proin sagittis ex in est varius tempus. Phasellus pretium, velit sed rhoncus sagittis, lacus justo dignissim libero, \r\n    in pellentesque eros eros vitae mi. Suspendisse vel condimentum magna. Sed ultrices auctor mi, quis accumsan lectus finibus id. \r\n    Aenean libero purus, finibus eget leo luctus, iaculis interdum velit. Curabitur eget lectus diam. Vivamus at tristique lorem. \r\n    Integer vestibulum cursus neque sit amet gravida.\r\n\r\n    Mauris non velit in felis vehicula feugiat. Pellentesque habitant morbi tristique senectus et netus et malesuada fames ac turpis egestas.\r\n     Vivamus luctus, turpis et porta consequat, ex ipsum mattis libero, sed consectetur neque ipsum et ligula. \r\n     Donec ut risus molestie erat suscipit finibus. Sed gravida mauris lectus, eu egestas ante mattis id. \r\n     Sed ante sapien, posuere eget neque a, rhoncus gravida ligula. Maecenas convallis vestibulum placerat.', 0, 1, 'https://picsum.photos/900?random=1'),
(2, 'Alejandro Escamilla', 'Nicholas Swanson', 'Lorem ipsum dolor sit amet, consectetur adipiscing elit. Vivamus ac leo vitae dolor feugiat convallis. \r\n    Proin sagittis ex in est varius tempus. Phasellus pretium, velit sed rhoncus sagittis, lacus justo dignissim libero, \r\n    in pellentesque eros eros vitae mi. Suspendisse vel condimentum magna. Sed ultrices auctor mi, quis accumsan lectus finibus id. \r\n    Aenean libero purus, finibus eget leo luctus, iaculis interdum velit. Curabitur eget lectus diam. Vivamus at tristique lorem. \r\n    Integer vestibulum cursus neque sit amet gravida.\r\n\r\n    Mauris non velit in felis vehicula feugiat. Pellentesque habitant morbi tristique senectus et netus et malesuada fames ac turpis egestas.\r\n     Vivamus luctus, turpis et porta consequat, ex ipsum mattis libero, sed consectetur neque ipsum et ligula. \r\n     Donec ut risus molestie erat suscipit finibus. Sed gravida mauris lectus, eu egestas ante mattis id. \r\n     Sed ante sapien, posuere eget neque a, rhoncus gravida ligula. Maecenas convallis vestibulum placerat.', 0, 2, 'https://picsum.photos/900?random=2'),
(3, 'Alejandro Escamilla', 'Vadim Sherbakov', 'Lorem ipsum dolor sit amet, consectetur adipiscing elit. Vivamus ac leo vitae dolor feugiat convallis. \r\n    Proin sagittis ex in est varius tempus. Phasellus pretium, velit sed rhoncus sagittis, lacus justo dignissim libero, \r\n    in pellentesque eros eros vitae mi. Suspendisse vel condimentum magna. Sed ultrices auctor mi, quis accumsan lectus finibus id. \r\n    Aenean libero purus, finibus eget leo luctus, iaculis interdum velit. Curabitur eget lectus diam. Vivamus at tristique lorem. \r\n    Integer vestibulum cursus neque sit amet gravida.\r\n\r\n    Mauris non velit in felis vehicula feugiat. Pellentesque habitant morbi tristique senectus et netus et malesuada fames ac turpis egestas.\r\n     Vivamus luctus, turpis et porta consequat, ex ipsum mattis libero, sed consectetur neque ipsum et ligula. \r\n     Donec ut risus molestie erat suscipit finibus. Sed gravida mauris lectus, eu egestas ante mattis id. \r\n     Sed ante sapien, posuere eget neque a, rhoncus gravida ligula. Maecenas convallis vestibulum placerat.', 1, 8, 'https://picsum.photos/900?random=3'),
(4, 'Paul Jarvis', 'Sebastian Muller', 'Lorem ipsum dolor sit amet, consectetur adipiscing elit. Vivamus ac leo vitae dolor feugiat convallis. \r\n    Proin sagittis ex in est varius tempus. Phasellus pretium, velit sed rhoncus sagittis, lacus justo dignissim libero, \r\n    in pellentesque eros eros vitae mi. Suspendisse vel condimentum magna. Sed ultrices auctor mi, quis accumsan lectus finibus id. \r\n    Aenean libero purus, finibus eget leo luctus, iaculis interdum velit. Curabitur eget lectus diam. Vivamus at tristique lorem. \r\n    Integer vestibulum cursus neque sit amet gravida.\r\n\r\n    Mauris non velit in felis vehicula feugiat. Pellentesque habitant morbi tristique senectus et netus et malesuada fames ac turpis egestas.\r\n     Vivamus luctus, turpis et porta consequat, ex ipsum mattis libero, sed consectetur neque ipsum et ligula. \r\n     Donec ut risus molestie erat suscipit finibus. Sed gravida mauris lectus, eu egestas ante mattis id. \r\n     Sed ante sapien, posuere eget neque a, rhoncus gravida ligula. Maecenas convallis vestibulum placerat.', 0, 5, 'https://picsum.photos/900?random=4'),
(5, 'Paul Jarvis', 'Daniel Genser', 'Lorem ipsum dolor sit amet, consectetur adipiscing elit. Vivamus ac leo vitae dolor feugiat convallis. \r\n    Proin sagittis ex in est varius tempus. Phasellus pretium, velit sed rhoncus sagittis, lacus justo dignissim libero, \r\n    in pellentesque eros eros vitae mi. Suspendisse vel condimentum magna. Sed ultrices auctor mi, quis accumsan lectus finibus id. \r\n    Aenean libero purus, finibus eget leo luctus, iaculis interdum velit. Curabitur eget lectus diam. Vivamus at tristique lorem. \r\n    Integer vestibulum cursus neque sit amet gravida.\r\n\r\n    Mauris non velit in felis vehicula feugiat. Pellentesque habitant morbi tristique senectus et netus et malesuada fames ac turpis egestas.\r\n     Vivamus luctus, turpis et porta consequat, ex ipsum mattis libero, sed consectetur neque ipsum et ligula. \r\n     Donec ut risus molestie erat suscipit finibus. Sed gravida mauris lectus, eu egestas ante mattis id. \r\n     Sed ante sapien, posuere eget neque a, rhoncus gravida ligula. Maecenas convallis vestibulum placerat.', 1, 10, 'https://picsum.photos/900?random=4'),
(6, 'Rodrigo Melo', 'Cierra', 'Lorem ipsum dolor sit amet, consectetur adipiscing elit. Vivamus ac leo vitae dolor feugiat convallis. \r\n    Proin sagittis ex in est varius tempus. Phasellus pretium, velit sed rhoncus sagittis, lacus justo dignissim libero, \r\n    in pellentesque eros eros vitae mi. Suspendisse vel condimentum magna. Sed ultrices auctor mi, quis accumsan lectus finibus id. \r\n    Aenean libero purus, finibus eget leo luctus, iaculis interdum velit. Curabitur eget lectus diam. Vivamus at tristique lorem. \r\n    Integer vestibulum cursus neque sit amet gravida.\r\n\r\n    Mauris non velit in felis vehicula feugiat. Pellentesque habitant morbi tristique senectus et netus et malesuada fames ac turpis egestas.\r\n     Vivamus luctus, turpis et porta consequat, ex ipsum mattis libero, sed consectetur neque ipsum et ligula. \r\n     Donec ut risus molestie erat suscipit finibus. Sed gravida mauris lectus, eu egestas ante mattis id. \r\n     Sed ante sapien, posuere eget neque a, rhoncus gravida ligula. Maecenas convallis vestibulum placerat.', 1, 2, 'https://picsum.photos/900?random=6'),
(7, 'Paul Jarvis', 'Luke Chesser', 'Lorem ipsum dolor sit amet, consectetur adipiscing elit. Vivamus ac leo vitae dolor feugiat convallis. \r\n    Proin sagittis ex in est varius tempus. Phasellus pretium, velit sed rhoncus sagittis, lacus justo dignissim libero, \r\n    in pellentesque eros eros vitae mi. Suspendisse vel condimentum magna. Sed ultrices auctor mi, quis accumsan lectus finibus id. \r\n    Aenean libero purus, finibus eget leo luctus, iaculis interdum velit. Curabitur eget lectus diam. Vivamus at tristique lorem. \r\n    Integer vestibulum cursus neque sit amet gravida.\r\n\r\n    Mauris non velit in felis vehicula feugiat. Pellentesque habitant morbi tristique senectus et netus et malesuada fames ac turpis egestas.\r\n     Vivamus luctus, turpis et porta consequat, ex ipsum mattis libero, sed consectetur neque ipsum et ligula. \r\n     Donec ut risus molestie erat suscipit finibus. Sed gravida mauris lectus, eu egestas ante mattis id. \r\n     Sed ante sapien, posuere eget neque a, rhoncus gravida ligula. Maecenas convallis vestibulum placerat.', 0, 2, 'https://picsum.photos/900?random=6'),
(8, 'Shyamanta Baruah', 'Julie Geiger', 'Lorem ipsum dolor sit amet, consectetur adipiscing elit. Vivamus ac leo vitae dolor feugiat convallis. \r\n    Proin sagittis ex in est varius tempus. Phasellus pretium, velit sed rhoncus sagittis, lacus justo dignissim libero, \r\n    in pellentesque eros eros vitae mi. Suspendisse vel condimentum magna. Sed ultrices auctor mi, quis accumsan lectus finibus id. \r\n    Aenean libero purus, finibus eget leo luctus, iaculis interdum velit. Curabitur eget lectus diam. Vivamus at tristique lorem. \r\n    Integer vestibulum cursus neque sit amet gravida.\r\n\r\n    Mauris non velit in felis vehicula feugiat. Pellentesque habitant morbi tristique senectus et netus et malesuada fames ac turpis egestas.\r\n     Vivamus luctus, turpis et porta consequat, ex ipsum mattis libero, sed consectetur neque ipsum et ligula. \r\n     Donec ut risus molestie erat suscipit finibus. Sed gravida mauris lectus, eu egestas ante mattis id. \r\n     Sed ante sapien, posuere eget neque a, rhoncus gravida ligula. Maecenas convallis vestibulum placerat.', 1, 4, 'https://picsum.photos/900?random=6'),
(9, 'Rodrigo Melo', 'Jon Eckert', 'Lorem ipsum dolor sit amet, consectetur adipiscing elit. Vivamus ac leo vitae dolor feugiat convallis. \r\n    Proin sagittis ex in est varius tempus. Phasellus pretium, velit sed rhoncus sagittis, lacus justo dignissim libero, \r\n    in pellentesque eros eros vitae mi. Suspendisse vel condimentum magna. Sed ultrices auctor mi, quis accumsan lectus finibus id. \r\n    Aenean libero purus, finibus eget leo luctus, iaculis interdum velit. Curabitur eget lectus diam. Vivamus at tristique lorem. \r\n    Integer vestibulum cursus neque sit amet gravida.\r\n\r\n    Mauris non velit in felis vehicula feugiat. Pellentesque habitant morbi tristique senectus et netus et malesuada fames ac turpis egestas.\r\n     Vivamus luctus, turpis et porta consequat, ex ipsum mattis libero, sed consectetur neque ipsum et ligula. \r\n     Donec ut risus molestie erat suscipit finibus. Sed gravida mauris lectus, eu egestas ante mattis id. \r\n     Sed ante sapien, posuere eget neque a, rhoncus gravida ligula. Maecenas convallis vestibulum placerat.', 1, 7, 'https://picsum.photos/900?random=6'),
(10, 'Paul Jarvis', 'Justin Leibow', 'Lorem ipsum dolor sit amet, consectetur adipiscing elit. Vivamus ac leo vitae dolor feugiat convallis. \r\n    Proin sagittis ex in est varius tempus. Phasellus pretium, velit sed rhoncus sagittis, lacus justo dignissim libero, \r\n    in pellentesque eros eros vitae mi. Suspendisse vel condimentum magna. Sed ultrices auctor mi, quis accumsan lectus finibus id. \r\n    Aenean libero purus, finibus eget leo luctus, iaculis interdum velit. Curabitur eget lectus diam. Vivamus at tristique lorem. \r\n    Integer vestibulum cursus neque sit amet gravida.\r\n\r\n    Mauris non velit in felis vehicula feugiat. Pellentesque habitant morbi tristique senectus et netus et malesuada fames ac turpis egestas.\r\n     Vivamus luctus, turpis et porta consequat, ex ipsum mattis libero, sed consectetur neque ipsum et ligula. \r\n     Donec ut risus molestie erat suscipit finibus. Sed gravida mauris lectus, eu egestas ante mattis id. \r\n     Sed ante sapien, posuere eget neque a, rhoncus gravida ligula. Maecenas convallis vestibulum placerat.', 1, 3, 'https://picsum.photos/900?random=6'),
(11, 'Alejandro Escamilla', 'Jassy Onyae', 'Lorem ipsum dolor sit amet, consectetur adipiscing elit. Vivamus ac leo vitae dolor feugiat convallis. \r\n    Proin sagittis ex in est varius tempus. Phasellus pretium, velit sed rhoncus sagittis, lacus justo dignissim libero, \r\n    in pellentesque eros eros vitae mi. Suspendisse vel condimentum magna. Sed ultrices auctor mi, quis accumsan lectus finibus id. \r\n    Aenean libero purus, finibus eget leo luctus, iaculis interdum velit. Curabitur eget lectus diam. Vivamus at tristique lorem. \r\n    Integer vestibulum cursus neque sit amet gravida.\r\n\r\n    Mauris non velit in felis vehicula feugiat. Pellentesque habitant morbi tristique senectus et netus et malesuada fames ac turpis egestas.\r\n     Vivamus luctus, turpis et porta consequat, ex ipsum mattis libero, sed consectetur neque ipsum et ligula. \r\n     Donec ut risus molestie erat suscipit finibus. Sed gravida mauris lectus, eu egestas ante mattis id. \r\n     Sed ante sapien, posuere eget neque a, rhoncus gravida ligula. Maecenas convallis vestibulum placerat.', 1, 9, 'https://picsum.photos/900?random=6'),
(12, 'Yoni Kaplan-Nadel', 'Sonja Langford', 'Lorem ipsum dolor sit amet, consectetur adipiscing elit. Vivamus ac leo vitae dolor feugiat convallis. \r\n    Proin sagittis ex in est varius tempus. Phasellus pretium, velit sed rhoncus sagittis, lacus justo dignissim libero, \r\n    in pellentesque eros eros vitae mi. Suspendisse vel condimentum magna. Sed ultrices auctor mi, quis accumsan lectus finibus id. \r\n    Aenean libero purus, finibus eget leo luctus, iaculis interdum velit. Curabitur eget lectus diam. Vivamus at tristique lorem. \r\n    Integer vestibulum cursus neque sit amet gravida.\r\n\r\n    Mauris non velit in felis vehicula feugiat. Pellentesque habitant morbi tristique senectus et netus et malesuada fames ac turpis egestas.\r\n     Vivamus luctus, turpis et porta consequat, ex ipsum mattis libero, sed consectetur neque ipsum et ligula. \r\n     Donec ut risus molestie erat suscipit finibus. Sed gravida mauris lectus, eu egestas ante mattis id. \r\n     Sed ante sapien, posuere eget neque a, rhoncus gravida ligula. Maecenas convallis vestibulum placerat.', 0, 9, 'https://picsum.photos/900?random=6'),
(13, 'Paul Jarvis', 'Rula Sibai', 'Lorem ipsum dolor sit amet, consectetur adipiscing elit. Vivamus ac leo vitae dolor feugiat convallis. \r\n    Proin sagittis ex in est varius tempus. Phasellus pretium, velit sed rhoncus sagittis, lacus justo dignissim libero, \r\n    in pellentesque eros eros vitae mi. Suspendisse vel condimentum magna. Sed ultrices auctor mi, quis accumsan lectus finibus id. \r\n    Aenean libero purus, finibus eget leo luctus, iaculis interdum velit. Curabitur eget lectus diam. Vivamus at tristique lorem. \r\n    Integer vestibulum cursus neque sit amet gravida.\r\n\r\n    Mauris non velit in felis vehicula feugiat. Pellentesque habitant morbi tristique senectus et netus et malesuada fames ac turpis egestas.\r\n     Vivamus luctus, turpis et porta consequat, ex ipsum mattis libero, sed consectetur neque ipsum et ligula. \r\n     Donec ut risus molestie erat suscipit finibus. Sed gravida mauris lectus, eu egestas ante mattis id. \r\n     Sed ante sapien, posuere eget neque a, rhoncus gravida ligula. Maecenas convallis vestibulum placerat.', 1, 2, 'https://picsum.photos/900?random=6'),
(14, 'Aleks Dorohovich', 'Art Wave', 'Lorem ipsum dolor sit amet, consectetur adipiscing elit. Vivamus ac leo vitae dolor feugiat convallis. \r\n    Proin sagittis ex in est varius tempus. Phasellus pretium, velit sed rhoncus sagittis, lacus justo dignissim libero, \r\n    in pellentesque eros eros vitae mi. Suspendisse vel condimentum magna. Sed ultrices auctor mi, quis accumsan lectus finibus id. \r\n    Aenean libero purus, finibus eget leo luctus, iaculis interdum velit. Curabitur eget lectus diam. Vivamus at tristique lorem. \r\n    Integer vestibulum cursus neque sit amet gravida.\r\n\r\n    Mauris non velit in felis vehicula feugiat. Pellentesque habitant morbi tristique senectus et netus et malesuada fames ac turpis egestas.\r\n     Vivamus luctus, turpis et porta consequat, ex ipsum mattis libero, sed consectetur neque ipsum et ligula. \r\n     Donec ut risus molestie erat suscipit finibus. Sed gravida mauris lectus, eu egestas ante mattis id. \r\n     Sed ante sapien, posuere eget neque a, rhoncus gravida ligula. Maecenas convallis vestibulum placerat.', 1, 6, 'https://picsum.photos/900?random=6'),
(15, 'Paul Jarvis', 'Alex', 'Lorem ipsum dolor sit amet, consectetur adipiscing elit. Vivamus ac leo vitae dolor feugiat convallis. \r\n    Proin sagittis ex in est varius tempus. Phasellus pretium, velit sed rhoncus sagittis, lacus justo dignissim libero, \r\n    in pellentesque eros eros vitae mi. Suspendisse vel condimentum magna. Sed ultrices auctor mi, quis accumsan lectus finibus id. \r\n    Aenean libero purus, finibus eget leo luctus, iaculis interdum velit. Curabitur eget lectus diam. Vivamus at tristique lorem. \r\n    Integer vestibulum cursus neque sit amet gravida.\r\n\r\n    Mauris non velit in felis vehicula feugiat. Pellentesque habitant morbi tristique senectus et netus et malesuada fames ac turpis egestas.\r\n     Vivamus luctus, turpis et porta consequat, ex ipsum mattis libero, sed consectetur neque ipsum et ligula. \r\n     Donec ut risus molestie erat suscipit finibus. Sed gravida mauris lectus, eu egestas ante mattis id. \r\n     Sed ante sapien, posuere eget neque a, rhoncus gravida ligula. Maecenas convallis vestibulum placerat.', 0, 6, 'https://picsum.photos/900?random=6'),
(16, 'Paul Jarvis', 'Nicholas Swanson', 'Lorem ipsum dolor sit amet, consectetur adipiscing elit. Vivamus ac leo vitae dolor feugiat convallis. \r\n    Proin sagittis ex in est varius tempus. Phasellus pretium, velit sed rhoncus sagittis, lacus justo dignissim libero, \r\n    in pellentesque eros eros vitae mi. Suspendisse vel condimentum magna. Sed ultrices auctor mi, quis accumsan lectus finibus id. \r\n    Aenean libero purus, finibus eget leo luctus, iaculis interdum velit. Curabitur eget lectus diam. Vivamus at tristique lorem. \r\n    Integer vestibulum cursus neque sit amet gravida.\r\n\r\n    Mauris non velit in felis vehicula feugiat. Pellentesque habitant morbi tristique senectus et netus et malesuada fames ac turpis egestas.\r\n     Vivamus luctus, turpis et porta consequat, ex ipsum mattis libero, sed consectetur neque ipsum et ligula. \r\n     Donec ut risus molestie erat suscipit finibus. Sed gravida mauris lectus, eu egestas ante mattis id. \r\n     Sed ante sapien, posuere eget neque a, rhoncus gravida ligula. Maecenas convallis vestibulum placerat.', 1, 3, 'https://picsum.photos/900?random=6'),
(17, 'Paul Jarvis', 'Paul Evans', 'Lorem ipsum dolor sit amet, consectetur adipiscing elit. Vivamus ac leo vitae dolor feugiat convallis. \r\n    Proin sagittis ex in est varius tempus. Phasellus pretium, velit sed rhoncus sagittis, lacus justo dignissim libero, \r\n    in pellentesque eros eros vitae mi. Suspendisse vel condimentum magna. Sed ultrices auctor mi, quis accumsan lectus finibus id. \r\n    Aenean libero purus, finibus eget leo luctus, iaculis interdum velit. Curabitur eget lectus diam. Vivamus at tristique lorem. \r\n    Integer vestibulum cursus neque sit amet gravida.\r\n\r\n    Mauris non velit in felis vehicula feugiat. Pellentesque habitant morbi tristique senectus et netus et malesuada fames ac turpis egestas.\r\n     Vivamus luctus, turpis et porta consequat, ex ipsum mattis libero, sed consectetur neque ipsum et ligula. \r\n     Donec ut risus molestie erat suscipit finibus. Sed gravida mauris lectus, eu egestas ante mattis id. \r\n     Sed ante sapien, posuere eget neque a, rhoncus gravida ligula. Maecenas convallis vestibulum placerat.', 0, 8, 'https://picsum.photos/900?random=6'),
(18, 'Vadim Sherbakov', 'Alex', 'Lorem ipsum dolor sit amet, consectetur adipiscing elit. Vivamus ac leo vitae dolor feugiat convallis. \r\n    Proin sagittis ex in est varius tempus. Phasellus pretium, velit sed rhoncus sagittis, lacus justo dignissim libero, \r\n    in pellentesque eros eros vitae mi. Suspendisse vel condimentum magna. Sed ultrices auctor mi, quis accumsan lectus finibus id. \r\n    Aenean libero purus, finibus eget leo luctus, iaculis interdum velit. Curabitur eget lectus diam. Vivamus at tristique lorem. \r\n    Integer vestibulum cursus neque sit amet gravida.\r\n\r\n    Mauris non velit in felis vehicula feugiat. Pellentesque habitant morbi tristique senectus et netus et malesuada fames ac turpis egestas.\r\n     Vivamus luctus, turpis et porta consequat, ex ipsum mattis libero, sed consectetur neque ipsum et ligula. \r\n     Donec ut risus molestie erat suscipit finibus. Sed gravida mauris lectus, eu egestas ante mattis id. \r\n     Sed ante sapien, posuere eget neque a, rhoncus gravida ligula. Maecenas convallis vestibulum placerat.', 0, 1, 'https://picsum.photos/900?random=6'),
(19, 'Luke Chesser', 'Nicholas Swanson', 'Lorem ipsum dolor sit amet, consectetur adipiscing elit. Vivamus ac leo vitae dolor feugiat convallis. \r\n    Proin sagittis ex in est varius tempus. Phasellus pretium, velit sed rhoncus sagittis, lacus justo dignissim libero, \r\n    in pellentesque eros eros vitae mi. Suspendisse vel condimentum magna. Sed ultrices auctor mi, quis accumsan lectus finibus id. \r\n    Aenean libero purus, finibus eget leo luctus, iaculis interdum velit. Curabitur eget lectus diam. Vivamus at tristique lorem. \r\n    Integer vestibulum cursus neque sit amet gravida.\r\n\r\n    Mauris non velit in felis vehicula feugiat. Pellentesque habitant morbi tristique senectus et netus et malesuada fames ac turpis egestas.\r\n     Vivamus luctus, turpis et porta consequat, ex ipsum mattis libero, sed consectetur neque ipsum et ligula. \r\n     Donec ut risus molestie erat suscipit finibus. Sed gravida mauris lectus, eu egestas ante mattis id. \r\n     Sed ante sapien, posuere eget neque a, rhoncus gravida ligula. Maecenas convallis vestibulum placerat.', 1, 1, 'https://picsum.photos/900?random=6'),
(20, 'Paul Jarvis', 'Dorothy Lin', 'Lorem ipsum dolor sit amet, consectetur adipiscing elit. Vivamus ac leo vitae dolor feugiat convallis. \r\n    Proin sagittis ex in est varius tempus. Phasellus pretium, velit sed rhoncus sagittis, lacus justo dignissim libero, \r\n    in pellentesque eros eros vitae mi. Suspendisse vel condimentum magna. Sed ultrices auctor mi, quis accumsan lectus finibus id. \r\n    Aenean libero purus, finibus eget leo luctus, iaculis interdum velit. Curabitur eget lectus diam. Vivamus at tristique lorem. \r\n    Integer vestibulum cursus neque sit amet gravida.\r\n\r\n    Mauris non velit in felis vehicula feugiat. Pellentesque habitant morbi tristique senectus et netus et malesuada fames ac turpis egestas.\r\n     Vivamus luctus, turpis et porta consequat, ex ipsum mattis libero, sed consectetur neque ipsum et ligula. \r\n     Donec ut risus molestie erat suscipit finibus. Sed gravida mauris lectus, eu egestas ante mattis id. \r\n     Sed ante sapien, posuere eget neque a, rhoncus gravida ligula. Maecenas convallis vestibulum placerat.', 1, 8, 'https://picsum.photos/900?random=6'),
(21, 'Alejandro Escamilla', 'Tony Naccarato', 'Lorem ipsum dolor sit amet, consectetur adipiscing elit. Vivamus ac leo vitae dolor feugiat convallis. \r\n    Proin sagittis ex in est varius tempus. Phasellus pretium, velit sed rhoncus sagittis, lacus justo dignissim libero, \r\n    in pellentesque eros eros vitae mi. Suspendisse vel condimentum magna. Sed ultrices auctor mi, quis accumsan lectus finibus id. \r\n    Aenean libero purus, finibus eget leo luctus, iaculis interdum velit. Curabitur eget lectus diam. Vivamus at tristique lorem. \r\n    Integer vestibulum cursus neque sit amet gravida.\r\n\r\n    Mauris non velit in felis vehicula feugiat. Pellentesque habitant morbi tristique senectus et netus et malesuada fames ac turpis egestas.\r\n     Vivamus luctus, turpis et porta consequat, ex ipsum mattis libero, sed consectetur neque ipsum et ligula. \r\n     Donec ut risus molestie erat suscipit finibus. Sed gravida mauris lectus, eu egestas ante mattis id. \r\n     Sed ante sapien, posuere eget neque a, rhoncus gravida ligula. Maecenas convallis vestibulum placerat.', 0, 7, 'https://picsum.photos/900?random=6'),
(22, 'Rodrigo Melo', 'Dorothy Lin', 'Lorem ipsum dolor sit amet, consectetur adipiscing elit. Vivamus ac leo vitae dolor feugiat convallis. \r\n    Proin sagittis ex in est varius tempus. Phasellus pretium, velit sed rhoncus sagittis, lacus justo dignissim libero, \r\n    in pellentesque eros eros vitae mi. Suspendisse vel condimentum magna. Sed ultrices auctor mi, quis accumsan lectus finibus id. \r\n    Aenean libero purus, finibus eget leo luctus, iaculis interdum velit. Curabitur eget lectus diam. Vivamus at tristique lorem. \r\n    Integer vestibulum cursus neque sit amet gravida.\r\n\r\n    Mauris non velit in felis vehicula feugiat. Pellentesque habitant morbi tristique senectus et netus et malesuada fames ac turpis egestas.\r\n     Vivamus luctus, turpis et porta consequat, ex ipsum mattis libero, sed consectetur neque ipsum et ligula. \r\n     Donec ut risus molestie erat suscipit finibus. Sed gravida mauris lectus, eu egestas ante mattis id. \r\n     Sed ante sapien, posuere eget neque a, rhoncus gravida ligula. Maecenas convallis vestibulum placerat.', 1, 10, 'https://picsum.photos/900?random=6'),
(23, 'Alejandro Escamilla', 'Nicholas Swanson', 'Lorem ipsum dolor sit amet, consectetur adipiscing elit. Vivamus ac leo vitae dolor feugiat convallis. \r\n    Proin sagittis ex in est varius tempus. Phasellus pretium, velit sed rhoncus sagittis, lacus justo dignissim libero, \r\n    in pellentesque eros eros vitae mi. Suspendisse vel condimentum magna. Sed ultrices auctor mi, quis accumsan lectus finibus id. \r\n    Aenean libero purus, finibus eget leo luctus, iaculis interdum velit. Curabitur eget lectus diam. Vivamus at tristique lorem. \r\n    Integer vestibulum cursus neque sit amet gravida.\r\n\r\n    Mauris non velit in felis vehicula feugiat. Pellentesque habitant morbi tristique senectus et netus et malesuada fames ac turpis egestas.\r\n     Vivamus luctus, turpis et porta consequat, ex ipsum mattis libero, sed consectetur neque ipsum et ligula. \r\n     Donec ut risus molestie erat suscipit finibus. Sed gravida mauris lectus, eu egestas ante mattis id. \r\n     Sed ante sapien, posuere eget neque a, rhoncus gravida ligula. Maecenas convallis vestibulum placerat.', 1, 9, 'https://picsum.photos/900?random=23'),
(24, 'Shyamanta Baruah', 'Cierra', 'Lorem ipsum dolor sit amet, consectetur adipiscing elit. Vivamus ac leo vitae dolor feugiat convallis. \r\n    Proin sagittis ex in est varius tempus. Phasellus pretium, velit sed rhoncus sagittis, lacus justo dignissim libero, \r\n    in pellentesque eros eros vitae mi. Suspendisse vel condimentum magna. Sed ultrices auctor mi, quis accumsan lectus finibus id. \r\n    Aenean libero purus, finibus eget leo luctus, iaculis interdum velit. Curabitur eget lectus diam. Vivamus at tristique lorem. \r\n    Integer vestibulum cursus neque sit amet gravida.\r\n\r\n    Mauris non velit in felis vehicula feugiat. Pellentesque habitant morbi tristique senectus et netus et malesuada fames ac turpis egestas.\r\n     Vivamus luctus, turpis et porta consequat, ex ipsum mattis libero, sed consectetur neque ipsum et ligula. \r\n     Donec ut risus molestie erat suscipit finibus. Sed gravida mauris lectus, eu egestas ante mattis id. \r\n     Sed ante sapien, posuere eget neque a, rhoncus gravida ligula. Maecenas convallis vestibulum placerat.', 0, 8, 'https://picsum.photos/900?random=23'),
(25, 'Rodrigo Melo', 'Nithya Ramanujam', 'Lorem ipsum dolor sit amet, consectetur adipiscing elit. Vivamus ac leo vitae dolor feugiat convallis. \r\n    Proin sagittis ex in est varius tempus. Phasellus pretium, velit sed rhoncus sagittis, lacus justo dignissim libero, \r\n    in pellentesque eros eros vitae mi. Suspendisse vel condimentum magna. Sed ultrices auctor mi, quis accumsan lectus finibus id. \r\n    Aenean libero purus, finibus eget leo luctus, iaculis interdum velit. Curabitur eget lectus diam. Vivamus at tristique lorem. \r\n    Integer vestibulum cursus neque sit amet gravida.\r\n\r\n    Mauris non velit in felis vehicula feugiat. Pellentesque habitant morbi tristique senectus et netus et malesuada fames ac turpis egestas.\r\n     Vivamus luctus, turpis et porta consequat, ex ipsum mattis libero, sed consectetur neque ipsum et ligula. \r\n     Donec ut risus molestie erat suscipit finibus. Sed gravida mauris lectus, eu egestas ante mattis id. \r\n     Sed ante sapien, posuere eget neque a, rhoncus gravida ligula. Maecenas convallis vestibulum placerat.', 1, 7, 'https://picsum.photos/900?random=23'),
(26, 'Paul Jarvis', 'Tony Naccarato', 'Lorem ipsum dolor sit amet, consectetur adipiscing elit. Vivamus ac leo vitae dolor feugiat convallis. \r\n    Proin sagittis ex in est varius tempus. Phasellus pretium, velit sed rhoncus sagittis, lacus justo dignissim libero, \r\n    in pellentesque eros eros vitae mi. Suspendisse vel condimentum magna. Sed ultrices auctor mi, quis accumsan lectus finibus id. \r\n    Aenean libero purus, finibus eget leo luctus, iaculis interdum velit. Curabitur eget lectus diam. Vivamus at tristique lorem. \r\n    Integer vestibulum cursus neque sit amet gravida.\r\n\r\n    Mauris non velit in felis vehicula feugiat. Pellentesque habitant morbi tristique senectus et netus et malesuada fames ac turpis egestas.\r\n     Vivamus luctus, turpis et porta consequat, ex ipsum mattis libero, sed consectetur neque ipsum et ligula. \r\n     Donec ut risus molestie erat suscipit finibus. Sed gravida mauris lectus, eu egestas ante mattis id. \r\n     Sed ante sapien, posuere eget neque a, rhoncus gravida ligula. Maecenas convallis vestibulum placerat.', 0, 7, 'https://picsum.photos/900?random=23'),
(27, 'Luke Chesser', 'Christopher Sardegna', 'Lorem ipsum dolor sit amet, consectetur adipiscing elit. Vivamus ac leo vitae dolor feugiat convallis. \r\n    Proin sagittis ex in est varius tempus. Phasellus pretium, velit sed rhoncus sagittis, lacus justo dignissim libero, \r\n    in pellentesque eros eros vitae mi. Suspendisse vel condimentum magna. Sed ultrices auctor mi, quis accumsan lectus finibus id. \r\n    Aenean libero purus, finibus eget leo luctus, iaculis interdum velit. Curabitur eget lectus diam. Vivamus at tristique lorem. \r\n    Integer vestibulum cursus neque sit amet gravida.\r\n\r\n    Mauris non velit in felis vehicula feugiat. Pellentesque habitant morbi tristique senectus et netus et malesuada fames ac turpis egestas.\r\n     Vivamus luctus, turpis et porta consequat, ex ipsum mattis libero, sed consectetur neque ipsum et ligula. \r\n     Donec ut risus molestie erat suscipit finibus. Sed gravida mauris lectus, eu egestas ante mattis id. \r\n     Sed ante sapien, posuere eget neque a, rhoncus gravida ligula. Maecenas convallis vestibulum placerat.', 0, 3, 'https://picsum.photos/900?random=23'),
(28, 'Paul Jarvis', 'Oleg Chursin', 'Lorem ipsum dolor sit amet, consectetur adipiscing elit. Vivamus ac leo vitae dolor feugiat convallis. \r\n    Proin sagittis ex in est varius tempus. Phasellus pretium, velit sed rhoncus sagittis, lacus justo dignissim libero, \r\n    in pellentesque eros eros vitae mi. Suspendisse vel condimentum magna. Sed ultrices auctor mi, quis accumsan lectus finibus id. \r\n    Aenean libero purus, finibus eget leo luctus, iaculis interdum velit. Curabitur eget lectus diam. Vivamus at tristique lorem. \r\n    Integer vestibulum cursus neque sit amet gravida.\r\n\r\n    Mauris non velit in felis vehicula feugiat. Pellentesque habitant morbi tristique senectus et netus et malesuada fames ac turpis egestas.\r\n     Vivamus luctus, turpis et porta consequat, ex ipsum mattis libero, sed consectetur neque ipsum et ligula. \r\n     Donec ut risus molestie erat suscipit finibus. Sed gravida mauris lectus, eu egestas ante mattis id. \r\n     Sed ante sapien, posuere eget neque a, rhoncus gravida ligula. Maecenas convallis vestibulum placerat.', 0, 9, 'https://picsum.photos/900?random=23'),
(29, 'Go Wild', 'Luke Chesser', 'Lorem ipsum dolor sit amet, consectetur adipiscing elit. Vivamus ac leo vitae dolor feugiat convallis. \r\n    Proin sagittis ex in est varius tempus. Phasellus pretium, velit sed rhoncus sagittis, lacus justo dignissim libero, \r\n    in pellentesque eros eros vitae mi. Suspendisse vel condimentum magna. Sed ultrices auctor mi, quis accumsan lectus finibus id. \r\n    Aenean libero purus, finibus eget leo luctus, iaculis interdum velit. Curabitur eget lectus diam. Vivamus at tristique lorem. \r\n    Integer vestibulum cursus neque sit amet gravida.\r\n\r\n    Mauris non velit in felis vehicula feugiat. Pellentesque habitant morbi tristique senectus et netus et malesuada fames ac turpis egestas.\r\n     Vivamus luctus, turpis et porta consequat, ex ipsum mattis libero, sed consectetur neque ipsum et ligula. \r\n     Donec ut risus molestie erat suscipit finibus. Sed gravida mauris lectus, eu egestas ante mattis id. \r\n     Sed ante sapien, posuere eget neque a, rhoncus gravida ligula. Maecenas convallis vestibulum placerat.', 0, 5, 'https://picsum.photos/900?random=23'),
(30, 'Luke Chesser', 'Alexander Shustov', 'Lorem ipsum dolor sit amet, consectetur adipiscing elit. Vivamus ac leo vitae dolor feugiat convallis. \r\n    Proin sagittis ex in est varius tempus. Phasellus pretium, velit sed rhoncus sagittis, lacus justo dignissim libero, \r\n    in pellentesque eros eros vitae mi. Suspendisse vel condimentum magna. Sed ultrices auctor mi, quis accumsan lectus finibus id. \r\n    Aenean libero purus, finibus eget leo luctus, iaculis interdum velit. Curabitur eget lectus diam. Vivamus at tristique lorem. \r\n    Integer vestibulum cursus neque sit amet gravida.\r\n\r\n    Mauris non velit in felis vehicula feugiat. Pellentesque habitant morbi tristique senectus et netus et malesuada fames ac turpis egestas.\r\n     Vivamus luctus, turpis et porta consequat, ex ipsum mattis libero, sed consectetur neque ipsum et ligula. \r\n     Donec ut risus molestie erat suscipit finibus. Sed gravida mauris lectus, eu egestas ante mattis id. \r\n     Sed ante sapien, posuere eget neque a, rhoncus gravida ligula. Maecenas convallis vestibulum placerat.', 0, 6, 'https://picsum.photos/900?random=23');

-- --------------------------------------------------------

--
-- Structure de la table `message`
--

CREATE TABLE `message` (
  `id` int(11) NOT NULL,
  `idSender` int(11) NOT NULL,
  `idReceiver` int(11) NOT NULL,
  `content` text NOT NULL,
  `sendDate` datetime NOT NULL DEFAULT current_timestamp(),
  `readFlag` tinyint(4) NOT NULL
) ENGINE=InnoDB DEFAULT CHARSET=utf8 COLLATE=utf8_general_ci;

--
-- Déchargement des données de la table `message`
--

INSERT INTO `message` (`id`, `idSender`, `idReceiver`, `content`, `sendDate`, `readFlag`) VALUES
(1, 5, 7, 'Lorem ipsum dolor sit amet, consectetur adipiscing elit. Donec lectus lectus, tincidunt eget mi ac, aliquam semper mi. Nulla nec rhoncus nunc. Sed ultrices vehicula.', '2025-03-31 13:29:11', 1),
(2, 5, 9, 'Lorem ipsum dolor sit amet, consectetur adipiscing elit. Donec lectus lectus, tincidunt eget mi ac, aliquam semper mi. Nulla nec rhoncus nunc. Sed ultrices vehicula.', '2025-03-31 13:29:11', 1),
(3, 1, 4, 'Lorem ipsum dolor sit amet, consectetur adipiscing elit. Donec lectus lectus, tincidunt eget mi ac, aliquam semper mi. Nulla nec rhoncus nunc. Sed ultrices vehicula.', '2025-03-31 13:29:11', 1),
(4, 3, 2, 'Lorem ipsum dolor sit amet, consectetur adipiscing elit. Donec lectus lectus, tincidunt eget mi ac, aliquam semper mi. Nulla nec rhoncus nunc. Sed ultrices vehicula.', '2025-03-31 13:29:11', 1),
(5, 4, 1, 'Lorem ipsum dolor sit amet, consectetur adipiscing elit. Donec lectus lectus, tincidunt eget mi ac, aliquam semper mi. Nulla nec rhoncus nunc. Sed ultrices vehicula.', '2025-03-31 13:29:11', 0),
(6, 2, 10, 'Lorem ipsum dolor sit amet, consectetur adipiscing elit. Donec lectus lectus, tincidunt eget mi ac, aliquam semper mi. Nulla nec rhoncus nunc. Sed ultrices vehicula.', '2025-03-31 13:29:11', 1),
(7, 3, 9, 'Lorem ipsum dolor sit amet, consectetur adipiscing elit. Donec lectus lectus, tincidunt eget mi ac, aliquam semper mi. Nulla nec rhoncus nunc. Sed ultrices vehicula.', '2025-03-31 13:29:11', 1),
(8, 3, 10, 'Lorem ipsum dolor sit amet, consectetur adipiscing elit. Donec lectus lectus, tincidunt eget mi ac, aliquam semper mi. Nulla nec rhoncus nunc. Sed ultrices vehicula.', '2025-03-31 13:29:11', 1),
(9, 5, 7, 'Lorem ipsum dolor sit amet, consectetur adipiscing elit. Donec lectus lectus, tincidunt eget mi ac, aliquam semper mi. Nulla nec rhoncus nunc. Sed ultrices vehicula.', '2025-03-31 13:29:11', 1),
(10, 3, 9, 'Lorem ipsum dolor sit amet, consectetur adipiscing elit. Donec lectus lectus, tincidunt eget mi ac, aliquam semper mi. Nulla nec rhoncus nunc. Sed ultrices vehicula.', '2025-03-31 13:29:11', 1),
(11, 1, 3, 'Lorem ipsum dolor sit amet, consectetur adipiscing elit. Donec lectus lectus, tincidunt eget mi ac, aliquam semper mi. Nulla nec rhoncus nunc. Sed ultrices vehicula.', '2025-03-31 13:29:11', 1),
(12, 1, 7, 'Lorem ipsum dolor sit amet, consectetur adipiscing elit. Donec lectus lectus, tincidunt eget mi ac, aliquam semper mi. Nulla nec rhoncus nunc. Sed ultrices vehicula.', '2025-03-31 13:29:11', 1),
(13, 4, 5, 'Lorem ipsum dolor sit amet, consectetur adipiscing elit. Donec lectus lectus, tincidunt eget mi ac, aliquam semper mi. Nulla nec rhoncus nunc. Sed ultrices vehicula.', '2025-03-31 13:29:11', 0),
(14, 4, 10, 'Lorem ipsum dolor sit amet, consectetur adipiscing elit. Donec lectus lectus, tincidunt eget mi ac, aliquam semper mi. Nulla nec rhoncus nunc. Sed ultrices vehicula.', '2025-03-31 13:29:11', 0),
(15, 10, 2, 'Lorem ipsum dolor sit amet, consectetur adipiscing elit. Donec lectus lectus, tincidunt eget mi ac, aliquam semper mi. Nulla nec rhoncus nunc. Sed ultrices vehicula.', '2025-03-31 13:29:11', 1),
(16, 7, 4, 'Lorem ipsum dolor sit amet, consectetur adipiscing elit. Donec lectus lectus, tincidunt eget mi ac, aliquam semper mi. Nulla nec rhoncus nunc. Sed ultrices vehicula.', '2025-03-31 13:29:11', 1),
(17, 2, 4, 'Lorem ipsum dolor sit amet, consectetur adipiscing elit. Donec lectus lectus, tincidunt eget mi ac, aliquam semper mi. Nulla nec rhoncus nunc. Sed ultrices vehicula.', '2025-03-31 13:29:11', 1),
(18, 3, 5, 'Lorem ipsum dolor sit amet, consectetur adipiscing elit. Donec lectus lectus, tincidunt eget mi ac, aliquam semper mi. Nulla nec rhoncus nunc. Sed ultrices vehicula.', '2025-03-31 13:29:11', 1),
(19, 8, 7, 'Lorem ipsum dolor sit amet, consectetur adipiscing elit. Donec lectus lectus, tincidunt eget mi ac, aliquam semper mi. Nulla nec rhoncus nunc. Sed ultrices vehicula.', '2025-03-31 13:29:11', 0),
(20, 3, 9, 'Lorem ipsum dolor sit amet, consectetur adipiscing elit. Donec lectus lectus, tincidunt eget mi ac, aliquam semper mi. Nulla nec rhoncus nunc. Sed ultrices vehicula.', '2025-03-31 13:29:11', 1),
(21, 5, 8, 'Lorem ipsum dolor sit amet, consectetur adipiscing elit. Donec lectus lectus, tincidunt eget mi ac, aliquam semper mi. Nulla nec rhoncus nunc. Sed ultrices vehicula.', '2025-03-31 13:29:11', 1),
(22, 7, 9, 'Lorem ipsum dolor sit amet, consectetur adipiscing elit. Donec lectus lectus, tincidunt eget mi ac, aliquam semper mi. Nulla nec rhoncus nunc. Sed ultrices vehicula.', '2025-03-31 13:29:11', 1),
(23, 8, 4, 'Lorem ipsum dolor sit amet, consectetur adipiscing elit. Donec lectus lectus, tincidunt eget mi ac, aliquam semper mi. Nulla nec rhoncus nunc. Sed ultrices vehicula.', '2025-03-31 13:29:11', 0),
(24, 1, 3, 'Lorem ipsum dolor sit amet, consectetur adipiscing elit. Donec lectus lectus, tincidunt eget mi ac, aliquam semper mi. Nulla nec rhoncus nunc. Sed ultrices vehicula.', '2025-03-31 13:29:11', 1),
(25, 5, 4, 'Lorem ipsum dolor sit amet, consectetur adipiscing elit. Donec lectus lectus, tincidunt eget mi ac, aliquam semper mi. Nulla nec rhoncus nunc. Sed ultrices vehicula.', '2025-03-31 13:29:11', 1),
(26, 4, 10, 'Lorem ipsum dolor sit amet, consectetur adipiscing elit. Donec lectus lectus, tincidunt eget mi ac, aliquam semper mi. Nulla nec rhoncus nunc. Sed ultrices vehicula.', '2025-03-31 13:29:11', 0),
(27, 1, 8, 'Lorem ipsum dolor sit amet, consectetur adipiscing elit. Donec lectus lectus, tincidunt eget mi ac, aliquam semper mi. Nulla nec rhoncus nunc. Sed ultrices vehicula.', '2025-03-31 13:29:11', 1),
(28, 8, 6, 'Lorem ipsum dolor sit amet, consectetur adipiscing elit. Donec lectus lectus, tincidunt eget mi ac, aliquam semper mi. Nulla nec rhoncus nunc. Sed ultrices vehicula.', '2025-03-31 13:29:11', 0),
(29, 6, 9, 'Lorem ipsum dolor sit amet, consectetur adipiscing elit. Donec lectus lectus, tincidunt eget mi ac, aliquam semper mi. Nulla nec rhoncus nunc. Sed ultrices vehicula.', '2025-03-31 13:29:11', 1),
(30, 3, 5, 'Lorem ipsum dolor sit amet, consectetur adipiscing elit. Donec lectus lectus, tincidunt eget mi ac, aliquam semper mi. Nulla nec rhoncus nunc. Sed ultrices vehicula.', '2025-03-31 13:29:11', 1),
(31, 4, 10, 'Lorem ipsum dolor sit amet, consectetur adipiscing elit. Donec lectus lectus, tincidunt eget mi ac, aliquam semper mi. Nulla nec rhoncus nunc. Sed ultrices vehicula.', '2025-03-31 13:29:11', 0),
(32, 2, 8, 'Lorem ipsum dolor sit amet, consectetur adipiscing elit. Donec lectus lectus, tincidunt eget mi ac, aliquam semper mi. Nulla nec rhoncus nunc. Sed ultrices vehicula.', '2025-03-31 13:29:11', 1),
(33, 7, 3, 'Lorem ipsum dolor sit amet, consectetur adipiscing elit. Donec lectus lectus, tincidunt eget mi ac, aliquam semper mi. Nulla nec rhoncus nunc. Sed ultrices vehicula.', '2025-03-31 13:29:11', 1),
(34, 10, 8, 'Lorem ipsum dolor sit amet, consectetur adipiscing elit. Donec lectus lectus, tincidunt eget mi ac, aliquam semper mi. Nulla nec rhoncus nunc. Sed ultrices vehicula.', '2025-03-31 13:29:11', 1),
(35, 6, 4, 'Lorem ipsum dolor sit amet, consectetur adipiscing elit. Donec lectus lectus, tincidunt eget mi ac, aliquam semper mi. Nulla nec rhoncus nunc. Sed ultrices vehicula.', '2025-03-31 13:29:11', 1),
(36, 6, 2, 'Lorem ipsum dolor sit amet, consectetur adipiscing elit. Donec lectus lectus, tincidunt eget mi ac, aliquam semper mi. Nulla nec rhoncus nunc. Sed ultrices vehicula.', '2025-03-31 13:29:11', 1),
(37, 1, 10, 'Lorem ipsum dolor sit amet, consectetur adipiscing elit. Donec lectus lectus, tincidunt eget mi ac, aliquam semper mi. Nulla nec rhoncus nunc. Sed ultrices vehicula.', '2025-03-31 13:29:11', 1),
(38, 5, 2, 'Lorem ipsum dolor sit amet, consectetur adipiscing elit. Donec lectus lectus, tincidunt eget mi ac, aliquam semper mi. Nulla nec rhoncus nunc. Sed ultrices vehicula.', '2025-03-31 13:29:11', 1),
(39, 5, 10, 'Lorem ipsum dolor sit amet, consectetur adipiscing elit. Donec lectus lectus, tincidunt eget mi ac, aliquam semper mi. Nulla nec rhoncus nunc. Sed ultrices vehicula.', '2025-03-31 13:29:11', 1),
(40, 5, 2, 'Lorem ipsum dolor sit amet, consectetur adipiscing elit. Donec lectus lectus, tincidunt eget mi ac, aliquam semper mi. Nulla nec rhoncus nunc. Sed ultrices vehicula.', '2025-03-31 13:29:11', 1),
(41, 7, 10, 'Lorem ipsum dolor sit amet, consectetur adipiscing elit. Donec lectus lectus, tincidunt eget mi ac, aliquam semper mi. Nulla nec rhoncus nunc. Sed ultrices vehicula.', '2025-03-31 13:29:11', 1),
(42, 1, 10, 'Lorem ipsum dolor sit amet, consectetur adipiscing elit. Donec lectus lectus, tincidunt eget mi ac, aliquam semper mi. Nulla nec rhoncus nunc. Sed ultrices vehicula.', '2025-03-31 13:29:11', 1),
(43, 1, 6, 'Lorem ipsum dolor sit amet, consectetur adipiscing elit. Donec lectus lectus, tincidunt eget mi ac, aliquam semper mi. Nulla nec rhoncus nunc. Sed ultrices vehicula.', '2025-03-31 13:29:11', 1),
(44, 3, 10, 'Lorem ipsum dolor sit amet, consectetur adipiscing elit. Donec lectus lectus, tincidunt eget mi ac, aliquam semper mi. Nulla nec rhoncus nunc. Sed ultrices vehicula.', '2025-03-31 13:29:11', 1),
(45, 5, 3, 'Lorem ipsum dolor sit amet, consectetur adipiscing elit. Donec lectus lectus, tincidunt eget mi ac, aliquam semper mi. Nulla nec rhoncus nunc. Sed ultrices vehicula.', '2025-03-31 13:29:11', 1),
(46, 6, 10, 'Lorem ipsum dolor sit amet, consectetur adipiscing elit. Donec lectus lectus, tincidunt eget mi ac, aliquam semper mi. Nulla nec rhoncus nunc. Sed ultrices vehicula.', '2025-03-31 13:29:11', 1),
(47, 3, 10, 'Lorem ipsum dolor sit amet, consectetur adipiscing elit. Donec lectus lectus, tincidunt eget mi ac, aliquam semper mi. Nulla nec rhoncus nunc. Sed ultrices vehicula.', '2025-03-31 13:29:11', 1),
(48, 3, 2, 'Lorem ipsum dolor sit amet, consectetur adipiscing elit. Donec lectus lectus, tincidunt eget mi ac, aliquam semper mi. Nulla nec rhoncus nunc. Sed ultrices vehicula.', '2025-03-31 13:29:11', 1),
(49, 9, 7, 'Lorem ipsum dolor sit amet, consectetur adipiscing elit. Donec lectus lectus, tincidunt eget mi ac, aliquam semper mi. Nulla nec rhoncus nunc. Sed ultrices vehicula.', '2025-03-31 13:29:11', 1),
(50, 8, 10, 'Lorem ipsum dolor sit amet, consectetur adipiscing elit. Donec lectus lectus, tincidunt eget mi ac, aliquam semper mi. Nulla nec rhoncus nunc. Sed ultrices vehicula.', '2025-03-31 13:29:11', 0),
(51, 3, 1, 'Lorem ipsum dolor sit amet, consectetur adipiscing elit. Donec lectus lectus, tincidunt eget mi ac, aliquam semper mi. Nulla nec rhoncus nunc. Sed ultrices vehicula.', '2025-03-31 13:29:11', 1),
(52, 1, 10, 'Lorem ipsum dolor sit amet, consectetur adipiscing elit. Donec lectus lectus, tincidunt eget mi ac, aliquam semper mi. Nulla nec rhoncus nunc. Sed ultrices vehicula.', '2025-03-31 13:29:11', 1),
(53, 6, 7, 'Lorem ipsum dolor sit amet, consectetur adipiscing elit. Donec lectus lectus, tincidunt eget mi ac, aliquam semper mi. Nulla nec rhoncus nunc. Sed ultrices vehicula.', '2025-03-31 13:29:11', 1),
(54, 5, 3, 'Lorem ipsum dolor sit amet, consectetur adipiscing elit. Donec lectus lectus, tincidunt eget mi ac, aliquam semper mi. Nulla nec rhoncus nunc. Sed ultrices vehicula.', '2025-03-31 13:29:11', 1),
(55, 4, 8, 'Lorem ipsum dolor sit amet, consectetur adipiscing elit. Donec lectus lectus, tincidunt eget mi ac, aliquam semper mi. Nulla nec rhoncus nunc. Sed ultrices vehicula.', '2025-03-31 13:29:11', 0),
(56, 5, 6, 'Lorem ipsum dolor sit amet, consectetur adipiscing elit. Donec lectus lectus, tincidunt eget mi ac, aliquam semper mi. Nulla nec rhoncus nunc. Sed ultrices vehicula.', '2025-03-31 13:29:11', 1),
(57, 1, 8, 'Lorem ipsum dolor sit amet, consectetur adipiscing elit. Donec lectus lectus, tincidunt eget mi ac, aliquam semper mi. Nulla nec rhoncus nunc. Sed ultrices vehicula.', '2025-03-31 13:29:11', 1),
(58, 3, 2, 'Lorem ipsum dolor sit amet, consectetur adipiscing elit. Donec lectus lectus, tincidunt eget mi ac, aliquam semper mi. Nulla nec rhoncus nunc. Sed ultrices vehicula.', '2025-03-31 13:29:11', 1),
(59, 8, 5, 'Lorem ipsum dolor sit amet, consectetur adipiscing elit. Donec lectus lectus, tincidunt eget mi ac, aliquam semper mi. Nulla nec rhoncus nunc. Sed ultrices vehicula.', '2025-03-31 13:29:11', 0),
(60, 8, 10, 'Lorem ipsum dolor sit amet, consectetur adipiscing elit. Donec lectus lectus, tincidunt eget mi ac, aliquam semper mi. Nulla nec rhoncus nunc. Sed ultrices vehicula.', '2025-03-31 13:29:11', 0),
(61, 7, 2, 'Lorem ipsum dolor sit amet, consectetur adipiscing elit. Donec lectus lectus, tincidunt eget mi ac, aliquam semper mi. Nulla nec rhoncus nunc. Sed ultrices vehicula.', '2025-03-31 13:29:11', 1),
(62, 6, 7, 'Lorem ipsum dolor sit amet, consectetur adipiscing elit. Donec lectus lectus, tincidunt eget mi ac, aliquam semper mi. Nulla nec rhoncus nunc. Sed ultrices vehicula.', '2025-03-31 13:29:11', 1),
(63, 10, 8, 'Lorem ipsum dolor sit amet, consectetur adipiscing elit. Donec lectus lectus, tincidunt eget mi ac, aliquam semper mi. Nulla nec rhoncus nunc. Sed ultrices vehicula.', '2025-03-31 13:29:11', 1),
(64, 7, 3, 'Lorem ipsum dolor sit amet, consectetur adipiscing elit. Donec lectus lectus, tincidunt eget mi ac, aliquam semper mi. Nulla nec rhoncus nunc. Sed ultrices vehicula.', '2025-03-31 13:29:11', 1),
(65, 1, 6, 'Lorem ipsum dolor sit amet, consectetur adipiscing elit. Donec lectus lectus, tincidunt eget mi ac, aliquam semper mi. Nulla nec rhoncus nunc. Sed ultrices vehicula.', '2025-03-31 13:29:11', 1),
(66, 7, 9, 'Lorem ipsum dolor sit amet, consectetur adipiscing elit. Donec lectus lectus, tincidunt eget mi ac, aliquam semper mi. Nulla nec rhoncus nunc. Sed ultrices vehicula.', '2025-03-31 13:29:11', 1),
(67, 3, 2, 'Lorem ipsum dolor sit amet, consectetur adipiscing elit. Donec lectus lectus, tincidunt eget mi ac, aliquam semper mi. Nulla nec rhoncus nunc. Sed ultrices vehicula.', '2025-03-31 13:29:11', 1),
(68, 2, 3, 'Lorem ipsum dolor sit amet, consectetur adipiscing elit. Donec lectus lectus, tincidunt eget mi ac, aliquam semper mi. Nulla nec rhoncus nunc. Sed ultrices vehicula.', '2025-03-31 13:29:11', 1),
(69, 2, 4, 'Lorem ipsum dolor sit amet, consectetur adipiscing elit. Donec lectus lectus, tincidunt eget mi ac, aliquam semper mi. Nulla nec rhoncus nunc. Sed ultrices vehicula.', '2025-03-31 13:29:11', 1),
(70, 4, 8, 'Lorem ipsum dolor sit amet, consectetur adipiscing elit. Donec lectus lectus, tincidunt eget mi ac, aliquam semper mi. Nulla nec rhoncus nunc. Sed ultrices vehicula.', '2025-03-31 13:29:11', 0),
(71, 2, 3, 'Lorem ipsum dolor sit amet, consectetur adipiscing elit. Donec lectus lectus, tincidunt eget mi ac, aliquam semper mi. Nulla nec rhoncus nunc. Sed ultrices vehicula.', '2025-03-31 13:29:11', 1),
(72, 10, 3, 'Lorem ipsum dolor sit amet, consectetur adipiscing elit. Donec lectus lectus, tincidunt eget mi ac, aliquam semper mi. Nulla nec rhoncus nunc. Sed ultrices vehicula.', '2025-03-31 13:29:11', 1),
(73, 1, 9, 'Lorem ipsum dolor sit amet, consectetur adipiscing elit. Donec lectus lectus, tincidunt eget mi ac, aliquam semper mi. Nulla nec rhoncus nunc. Sed ultrices vehicula.', '2025-03-31 13:29:11', 1),
(74, 4, 10, 'Lorem ipsum dolor sit amet, consectetur adipiscing elit. Donec lectus lectus, tincidunt eget mi ac, aliquam semper mi. Nulla nec rhoncus nunc. Sed ultrices vehicula.', '2025-03-31 13:29:11', 0),
(75, 6, 8, 'Lorem ipsum dolor sit amet, consectetur adipiscing elit. Donec lectus lectus, tincidunt eget mi ac, aliquam semper mi. Nulla nec rhoncus nunc. Sed ultrices vehicula.', '2025-03-31 13:29:11', 1),
(76, 5, 7, 'Lorem ipsum dolor sit amet, consectetur adipiscing elit. Donec lectus lectus, tincidunt eget mi ac, aliquam semper mi. Nulla nec rhoncus nunc. Sed ultrices vehicula.', '2025-03-31 13:29:11', 1),
(77, 4, 8, 'Lorem ipsum dolor sit amet, consectetur adipiscing elit. Donec lectus lectus, tincidunt eget mi ac, aliquam semper mi. Nulla nec rhoncus nunc. Sed ultrices vehicula.', '2025-03-31 13:29:11', 0),
(78, 10, 4, 'Lorem ipsum dolor sit amet, consectetur adipiscing elit. Donec lectus lectus, tincidunt eget mi ac, aliquam semper mi. Nulla nec rhoncus nunc. Sed ultrices vehicula.', '2025-03-31 13:29:11', 1),
(79, 1, 5, 'Lorem ipsum dolor sit amet, consectetur adipiscing elit. Donec lectus lectus, tincidunt eget mi ac, aliquam semper mi. Nulla nec rhoncus nunc. Sed ultrices vehicula.', '2025-03-31 13:29:11', 1),
(80, 2, 1, 'Lorem ipsum dolor sit amet, consectetur adipiscing elit. Donec lectus lectus, tincidunt eget mi ac, aliquam semper mi. Nulla nec rhoncus nunc. Sed ultrices vehicula.', '2025-03-31 13:29:11', 1),
(81, 3, 10, 'Lorem ipsum dolor sit amet, consectetur adipiscing elit. Donec lectus lectus, tincidunt eget mi ac, aliquam semper mi. Nulla nec rhoncus nunc. Sed ultrices vehicula.', '2025-03-31 13:29:11', 1),
(82, 2, 7, 'Lorem ipsum dolor sit amet, consectetur adipiscing elit. Donec lectus lectus, tincidunt eget mi ac, aliquam semper mi. Nulla nec rhoncus nunc. Sed ultrices vehicula.', '2025-03-31 13:29:11', 1),
(83, 1, 6, 'Lorem ipsum dolor sit amet, consectetur adipiscing elit. Donec lectus lectus, tincidunt eget mi ac, aliquam semper mi. Nulla nec rhoncus nunc. Sed ultrices vehicula.', '2025-03-31 13:29:11', 1),
(84, 7, 10, 'Lorem ipsum dolor sit amet, consectetur adipiscing elit. Donec lectus lectus, tincidunt eget mi ac, aliquam semper mi. Nulla nec rhoncus nunc. Sed ultrices vehicula.', '2025-03-31 13:29:11', 1),
(85, 9, 3, 'Lorem ipsum dolor sit amet, consectetur adipiscing elit. Donec lectus lectus, tincidunt eget mi ac, aliquam semper mi. Nulla nec rhoncus nunc. Sed ultrices vehicula.', '2025-03-31 13:29:12', 1),
(86, 2, 1, 'Lorem ipsum dolor sit amet, consectetur adipiscing elit. Donec lectus lectus, tincidunt eget mi ac, aliquam semper mi. Nulla nec rhoncus nunc. Sed ultrices vehicula.', '2025-03-31 13:29:12', 1),
(87, 6, 4, 'Lorem ipsum dolor sit amet, consectetur adipiscing elit. Donec lectus lectus, tincidunt eget mi ac, aliquam semper mi. Nulla nec rhoncus nunc. Sed ultrices vehicula.', '2025-03-31 13:29:12', 1),
(88, 10, 3, 'Lorem ipsum dolor sit amet, consectetur adipiscing elit. Donec lectus lectus, tincidunt eget mi ac, aliquam semper mi. Nulla nec rhoncus nunc. Sed ultrices vehicula.', '2025-03-31 13:29:12', 1),
(89, 2, 3, 'Lorem ipsum dolor sit amet, consectetur adipiscing elit. Donec lectus lectus, tincidunt eget mi ac, aliquam semper mi. Nulla nec rhoncus nunc. Sed ultrices vehicula.', '2025-03-31 13:29:12', 1),
(90, 2, 4, 'Lorem ipsum dolor sit amet, consectetur adipiscing elit. Donec lectus lectus, tincidunt eget mi ac, aliquam semper mi. Nulla nec rhoncus nunc. Sed ultrices vehicula.', '2025-03-31 13:29:12', 1),
(91, 6, 10, 'Lorem ipsum dolor sit amet, consectetur adipiscing elit. Donec lectus lectus, tincidunt eget mi ac, aliquam semper mi. Nulla nec rhoncus nunc. Sed ultrices vehicula.', '2025-03-31 13:29:12', 1),
(92, 10, 9, 'Lorem ipsum dolor sit amet, consectetur adipiscing elit. Donec lectus lectus, tincidunt eget mi ac, aliquam semper mi. Nulla nec rhoncus nunc. Sed ultrices vehicula.', '2025-03-31 13:29:12', 1),
(93, 3, 2, 'Lorem ipsum dolor sit amet, consectetur adipiscing elit. Donec lectus lectus, tincidunt eget mi ac, aliquam semper mi. Nulla nec rhoncus nunc. Sed ultrices vehicula.', '2025-03-31 13:29:12', 1),
(94, 7, 6, 'Lorem ipsum dolor sit amet, consectetur adipiscing elit. Donec lectus lectus, tincidunt eget mi ac, aliquam semper mi. Nulla nec rhoncus nunc. Sed ultrices vehicula.', '2025-03-31 13:29:12', 1),
(95, 9, 5, 'Lorem ipsum dolor sit amet, consectetur adipiscing elit. Donec lectus lectus, tincidunt eget mi ac, aliquam semper mi. Nulla nec rhoncus nunc. Sed ultrices vehicula.', '2025-03-31 13:29:12', 1),
(96, 6, 1, 'Lorem ipsum dolor sit amet, consectetur adipiscing elit. Donec lectus lectus, tincidunt eget mi ac, aliquam semper mi. Nulla nec rhoncus nunc. Sed ultrices vehicula.', '2025-03-31 13:29:12', 1),
(97, 4, 8, 'Lorem ipsum dolor sit amet, consectetur adipiscing elit. Donec lectus lectus, tincidunt eget mi ac, aliquam semper mi. Nulla nec rhoncus nunc. Sed ultrices vehicula.', '2025-03-31 13:29:12', 0),
(98, 3, 2, 'Lorem ipsum dolor sit amet, consectetur adipiscing elit. Donec lectus lectus, tincidunt eget mi ac, aliquam semper mi. Nulla nec rhoncus nunc. Sed ultrices vehicula.', '2025-03-31 13:29:12', 1),
(99, 7, 5, 'Lorem ipsum dolor sit amet, consectetur adipiscing elit. Donec lectus lectus, tincidunt eget mi ac, aliquam semper mi. Nulla nec rhoncus nunc. Sed ultrices vehicula.', '2025-03-31 13:29:12', 1),
(100, 3, 8, 'Lorem ipsum dolor sit amet, consectetur adipiscing elit. Donec lectus lectus, tincidunt eget mi ac, aliquam semper mi. Nulla nec rhoncus nunc. Sed ultrices vehicula.', '2025-03-31 13:29:12', 1),
(101, 2, 10, '&lt;span onmouseover=&quot;alert(&#039;XSS Test&#039;)&quot;&gt;Survolez-moi&lt;/span&gt;', '2025-03-31 20:50:23', 1),
(102, 3, 2, 'test new message', '2025-03-31 20:56:15', 1);

-- --------------------------------------------------------

--
-- Structure de la table `user`
--

CREATE TABLE `user` (
  `id` int(11) NOT NULL,
  `pseudo` varchar(45) NOT NULL,
  `avatar` varchar(255) DEFAULT 'https://us.123rf.com/450wm/triken/triken1608/triken160800029/61320775-homme-photo-de-profil-avatar-avatar-de-l-utilisateur-par-d%C3%A9faut-invit%C3%A9-avatar-simplement-la-t%C3%AAte.jpg?ver=6',
  `email` varchar(120) NOT NULL,
  `password` varchar(255) NOT NULL,
  `registerDate` datetime NOT NULL DEFAULT current_timestamp()
) ENGINE=InnoDB DEFAULT CHARSET=utf8 COLLATE=utf8_general_ci;

--
-- Déchargement des données de la table `user`
--

INSERT INTO `user` (`id`, `pseudo`, `avatar`, `email`, `password`, `registerDate`) VALUES
(1, 'user1', 'https://picsum.photos/200?random=1', 'user1@fixture.fr', '$2y$12$3cvC8SuQGVgxHym.l9ZYKePQjIvtzd4qOTHbLwGb7u6rR4mXLXp3G', '2025-03-31 13:27:20'),
(2, 'user2', 'https://picsum.photos/200?random=2', 'user2@fixture.fr', '$2y$12$oEdwWD1vuYmAMY.eps/BJez88yc5wqdgFHzgIJwsLFlJvfJPuJYue', '2025-03-31 13:27:20'),
(3, 'user3', 'https://picsum.photos/200?random=3', 'user3@fixture.fr', '$2y$12$Pswr.NrU84bdKEFNQxBeFuUOIKDkrKF/ek4A8Z.nUi0G.iw6T6uia', '2025-03-31 13:27:20'),
(4, 'user4', 'https://picsum.photos/200?random=4', 'user4@fixture.fr', '$2y$12$LkeBaQjCDUiAvp5H2cjcfO2z../S6fIAV6OZaAGUjySZM1tuSM6bu', '2025-03-31 13:27:20'),
(5, 'user5', 'https://picsum.photos/200?random=5', 'user5@fixture.fr', '$2y$12$k42qPK4yrAORp3XDFBX32OkVwMkRpT/zUYlc11AnjfPH9bqeBSwIK', '2025-03-31 13:27:20'),
(6, 'user6', 'https://picsum.photos/200?random=6', 'user6@fixture.fr', '$2y$12$dHQISZbSfn6KmVnL/H6OkuFvWuDohtLZW/D0kl6r/aVgFvA9Hz02.', '2025-03-31 13:27:21'),
(7, 'user7', 'https://picsum.photos/200?random=7', 'user7@fixture.fr', '$2y$12$oH5jUmChzR6o5fZ8chZBG.SOMCRCqm/UG7obk2.Ej1zWcuefAxRWW', '2025-03-31 13:27:21'),
(8, 'user8', 'https://picsum.photos/200?random=8', 'user8@fixture.fr', '$2y$12$wW2Xv4eLXJ70X2SIuVcxce/J6Il9x7XEdB/e1.fus8.xBVOC/71/6', '2025-03-31 13:27:21'),
(9, 'user9', 'https://picsum.photos/200?random=9', 'user9@fixture.fr', '$2y$12$wLnw9WwRRtkyWn6ZzFIEeOVxf9U9op7bcwP8D8LitcoXjl6/0WSPG', '2025-03-31 13:27:21'),
(10, 'user10', 'https://picsum.photos/200?random=10', 'user10@fixture.fr', '$2y$12$Mx70lRasiHLtK6se7GlRZeOBOrayf6/9EJH7vMDX8DSOCBDPxIyje', '2025-03-31 13:27:21');

--
-- Index pour les tables déchargées
--

--
-- Index pour la table `book`
--
ALTER TABLE `book`
  ADD PRIMARY KEY (`id`),
  ADD KEY `idMember` (`idMember`);

--
-- Index pour la table `message`
--
ALTER TABLE `message`
  ADD PRIMARY KEY (`id`),
  ADD KEY `idSender` (`idSender`,`idReceiver`),
  ADD KEY `message_ibfk_2` (`idReceiver`);

--
-- Index pour la table `user`
--
ALTER TABLE `user`
  ADD PRIMARY KEY (`id`);

--
-- AUTO_INCREMENT pour les tables déchargées
--

--
-- AUTO_INCREMENT pour la table `book`
--
ALTER TABLE `book`
  MODIFY `id` int(11) NOT NULL AUTO_INCREMENT, AUTO_INCREMENT=31;

--
-- AUTO_INCREMENT pour la table `message`
--
ALTER TABLE `message`
  MODIFY `id` int(11) NOT NULL AUTO_INCREMENT, AUTO_INCREMENT=103;

--
-- AUTO_INCREMENT pour la table `user`
--
ALTER TABLE `user`
  MODIFY `id` int(11) NOT NULL AUTO_INCREMENT, AUTO_INCREMENT=11;

--
-- Contraintes pour les tables déchargées
--

--
-- Contraintes pour la table `book`
--
ALTER TABLE `book`
  ADD CONSTRAINT `book_ibfk_1` FOREIGN KEY (`idMember`) REFERENCES `user` (`id`) ON DELETE CASCADE ON UPDATE CASCADE;

--
-- Contraintes pour la table `message`
--
ALTER TABLE `message`
  ADD CONSTRAINT `message_ibfk_1` FOREIGN KEY (`idSender`) REFERENCES `user` (`id`) ON DELETE CASCADE ON UPDATE CASCADE,
  ADD CONSTRAINT `message_ibfk_2` FOREIGN KEY (`idReceiver`) REFERENCES `user` (`id`) ON DELETE CASCADE ON UPDATE CASCADE;
COMMIT;

/*!40101 SET CHARACTER_SET_CLIENT=@OLD_CHARACTER_SET_CLIENT */;
/*!40101 SET CHARACTER_SET_RESULTS=@OLD_CHARACTER_SET_RESULTS */;
/*!40101 SET COLLATION_CONNECTION=@OLD_COLLATION_CONNECTION */;
