-- phpMyAdmin SQL Dump
-- version 5.2.1
-- https://www.phpmyadmin.net/
--
-- Hôte : 127.0.0.1
-- Généré le : lun. 07 avr. 2025 à 10:04
-- Version du serveur : 10.4.32-MariaDB
-- Version de PHP : 8.2.12

SET SQL_MODE = "NO_AUTO_VALUE_ON_ZERO";
START TRANSACTION;
SET time_zone = "+00:00";


/*!40101 SET @OLD_CHARACTER_SET_CLIENT=@@CHARACTER_SET_CLIENT */;
/*!40101 SET @OLD_CHARACTER_SET_RESULTS=@@CHARACTER_SET_RESULTS */;
/*!40101 SET @OLD_COLLATION_CONNECTION=@@COLLATION_CONNECTION */;
/*!40101 SET NAMES utf8mb4 */;

--
-- Base de données : `tom_troc`
--

-- --------------------------------------------------------

--
-- Structure de la table `book`
--

CREATE TABLE `book` (
  `id` int(11) NOT NULL,
  `title` varchar(120) NOT NULL,
  `author` varchar(45) NOT NULL,
  `comment` text NOT NULL,
  `available` tinyint(4) NOT NULL,
  `idMember` int(11) NOT NULL,
  `picture` varchar(255) DEFAULT 'https://preview.free3d.com/img/2016/08/1851631529512404705/bvxq8qpk.jpg'
) ENGINE=InnoDB DEFAULT CHARSET=utf8 COLLATE=utf8_general_ci;

--
-- Déchargement des données de la table `book`
--

INSERT INTO `book` (`id`, `title`, `author`, `comment`, `available`, `idMember`, `picture`) VALUES
(1, 'Paul Jarvis', 'Paul Evans', 'Lorem ipsum dolor sit amet, consectetur adipiscing elit. Vivamus ac leo vitae dolor feugiat convallis. \r\n    Proin sagittis ex in est varius tempus. Phasellus pretium, velit sed rhoncus sagittis, lacus justo dignissim libero, \r\n    in pellentesque eros eros vitae mi. Suspendisse vel condimentum magna. Sed ultrices auctor mi, quis accumsan lectus finibus id. \r\n    Aenean libero purus, finibus eget leo luctus, iaculis interdum velit. Curabitur eget lectus diam. Vivamus at tristique lorem. \r\n    Integer vestibulum cursus neque sit amet gravida.\r\n\r\n    Mauris non velit in felis vehicula feugiat. Pellentesque habitant morbi tristique senectus et netus et malesuada fames ac turpis egestas.\r\n     Vivamus luctus, turpis et porta consequat, ex ipsum mattis libero, sed consectetur neque ipsum et ligula. \r\n     Donec ut risus molestie erat suscipit finibus. Sed gravida mauris lectus, eu egestas ante mattis id. \r\n     Sed ante sapien, posuere eget neque a, rhoncus gravida ligula. Maecenas convallis vestibulum placerat.', 1, 10, 'https://picsum.photos/900?random=1'),
(2, 'Aleks Dorohovich', 'Dorothy Lin', 'Lorem ipsum dolor sit amet, consectetur adipiscing elit. Vivamus ac leo vitae dolor feugiat convallis. \r\n    Proin sagittis ex in est varius tempus. Phasellus pretium, velit sed rhoncus sagittis, lacus justo dignissim libero, \r\n    in pellentesque eros eros vitae mi. Suspendisse vel condimentum magna. Sed ultrices auctor mi, quis accumsan lectus finibus id. \r\n    Aenean libero purus, finibus eget leo luctus, iaculis interdum velit. Curabitur eget lectus diam. Vivamus at tristique lorem. \r\n    Integer vestibulum cursus neque sit amet gravida.\r\n\r\n    Mauris non velit in felis vehicula feugiat. Pellentesque habitant morbi tristique senectus et netus et malesuada fames ac turpis egestas.\r\n     Vivamus luctus, turpis et porta consequat, ex ipsum mattis libero, sed consectetur neque ipsum et ligula. \r\n     Donec ut risus molestie erat suscipit finibus. Sed gravida mauris lectus, eu egestas ante mattis id. \r\n     Sed ante sapien, posuere eget neque a, rhoncus gravida ligula. Maecenas convallis vestibulum placerat.', 1, 3, 'https://picsum.photos/900?random=2'),
(3, 'Ryan', 'Nicholas Swanson', 'Lorem ipsum dolor sit amet, consectetur adipiscing elit. Vivamus ac leo vitae dolor feugiat convallis. \r\n    Proin sagittis ex in est varius tempus. Phasellus pretium, velit sed rhoncus sagittis, lacus justo dignissim libero, \r\n    in pellentesque eros eros vitae mi. Suspendisse vel condimentum magna. Sed ultrices auctor mi, quis accumsan lectus finibus id. \r\n    Aenean libero purus, finibus eget leo luctus, iaculis interdum velit. Curabitur eget lectus diam. Vivamus at tristique lorem. \r\n    Integer vestibulum cursus neque sit amet gravida.\r\n\r\n    Mauris non velit in felis vehicula feugiat. Pellentesque habitant morbi tristique senectus et netus et malesuada fames ac turpis egestas.\r\n     Vivamus luctus, turpis et porta consequat, ex ipsum mattis libero, sed consectetur neque ipsum et ligula. \r\n     Donec ut risus molestie erat suscipit finibus. Sed gravida mauris lectus, eu egestas ante mattis id. \r\n     Sed ante sapien, posuere eget neque a, rhoncus gravida ligula. Maecenas convallis vestibulum placerat.', 1, 2, 'https://picsum.photos/900?random=3'),
(4, 'Aleks Dorohovich', 'Rula Sibai', 'Lorem ipsum dolor sit amet, consectetur adipiscing elit. Vivamus ac leo vitae dolor feugiat convallis. \r\n    Proin sagittis ex in est varius tempus. Phasellus pretium, velit sed rhoncus sagittis, lacus justo dignissim libero, \r\n    in pellentesque eros eros vitae mi. Suspendisse vel condimentum magna. Sed ultrices auctor mi, quis accumsan lectus finibus id. \r\n    Aenean libero purus, finibus eget leo luctus, iaculis interdum velit. Curabitur eget lectus diam. Vivamus at tristique lorem. \r\n    Integer vestibulum cursus neque sit amet gravida.\r\n\r\n    Mauris non velit in felis vehicula feugiat. Pellentesque habitant morbi tristique senectus et netus et malesuada fames ac turpis egestas.\r\n     Vivamus luctus, turpis et porta consequat, ex ipsum mattis libero, sed consectetur neque ipsum et ligula. \r\n     Donec ut risus molestie erat suscipit finibus. Sed gravida mauris lectus, eu egestas ante mattis id. \r\n     Sed ante sapien, posuere eget neque a, rhoncus gravida ligula. Maecenas convallis vestibulum placerat.', 0, 9, 'https://picsum.photos/900?random=4'),
(5, 'Alejandro Escamilla', 'Alexander Shustov', 'Lorem ipsum dolor sit amet, consectetur adipiscing elit. Vivamus ac leo vitae dolor feugiat convallis. \r\n    Proin sagittis ex in est varius tempus. Phasellus pretium, velit sed rhoncus sagittis, lacus justo dignissim libero, \r\n    in pellentesque eros eros vitae mi. Suspendisse vel condimentum magna. Sed ultrices auctor mi, quis accumsan lectus finibus id. \r\n    Aenean libero purus, finibus eget leo luctus, iaculis interdum velit. Curabitur eget lectus diam. Vivamus at tristique lorem. \r\n    Integer vestibulum cursus neque sit amet gravida.\r\n\r\n    Mauris non velit in felis vehicula feugiat. Pellentesque habitant morbi tristique senectus et netus et malesuada fames ac turpis egestas.\r\n     Vivamus luctus, turpis et porta consequat, ex ipsum mattis libero, sed consectetur neque ipsum et ligula. \r\n     Donec ut risus molestie erat suscipit finibus. Sed gravida mauris lectus, eu egestas ante mattis id. \r\n     Sed ante sapien, posuere eget neque a, rhoncus gravida ligula. Maecenas convallis vestibulum placerat.', 1, 1, 'https://picsum.photos/900?random=5'),
(6, 'Aleks Dorohovich', 'Christopher Sardegna', 'Lorem ipsum dolor sit amet, consectetur adipiscing elit. Vivamus ac leo vitae dolor feugiat convallis. \r\n    Proin sagittis ex in est varius tempus. Phasellus pretium, velit sed rhoncus sagittis, lacus justo dignissim libero, \r\n    in pellentesque eros eros vitae mi. Suspendisse vel condimentum magna. Sed ultrices auctor mi, quis accumsan lectus finibus id. \r\n    Aenean libero purus, finibus eget leo luctus, iaculis interdum velit. Curabitur eget lectus diam. Vivamus at tristique lorem. \r\n    Integer vestibulum cursus neque sit amet gravida.\r\n\r\n    Mauris non velit in felis vehicula feugiat. Pellentesque habitant morbi tristique senectus et netus et malesuada fames ac turpis egestas.\r\n     Vivamus luctus, turpis et porta consequat, ex ipsum mattis libero, sed consectetur neque ipsum et ligula. \r\n     Donec ut risus molestie erat suscipit finibus. Sed gravida mauris lectus, eu egestas ante mattis id. \r\n     Sed ante sapien, posuere eget neque a, rhoncus gravida ligula. Maecenas convallis vestibulum placerat.', 0, 8, 'https://picsum.photos/900?random=6'),
(7, 'Austin Neill', 'Jon Eckert', 'Lorem ipsum dolor sit amet, consectetur adipiscing elit. Vivamus ac leo vitae dolor feugiat convallis. \r\n    Proin sagittis ex in est varius tempus. Phasellus pretium, velit sed rhoncus sagittis, lacus justo dignissim libero, \r\n    in pellentesque eros eros vitae mi. Suspendisse vel condimentum magna. Sed ultrices auctor mi, quis accumsan lectus finibus id. \r\n    Aenean libero purus, finibus eget leo luctus, iaculis interdum velit. Curabitur eget lectus diam. Vivamus at tristique lorem. \r\n    Integer vestibulum cursus neque sit amet gravida.\r\n\r\n    Mauris non velit in felis vehicula feugiat. Pellentesque habitant morbi tristique senectus et netus et malesuada fames ac turpis egestas.\r\n     Vivamus luctus, turpis et porta consequat, ex ipsum mattis libero, sed consectetur neque ipsum et ligula. \r\n     Donec ut risus molestie erat suscipit finibus. Sed gravida mauris lectus, eu egestas ante mattis id. \r\n     Sed ante sapien, posuere eget neque a, rhoncus gravida ligula. Maecenas convallis vestibulum placerat.', 0, 5, 'https://picsum.photos/900?random=7'),
(8, 'Alejandro Escamilla', 'Jeffrey Kam', 'Lorem ipsum dolor sit amet, consectetur adipiscing elit. Vivamus ac leo vitae dolor feugiat convallis. \r\n    Proin sagittis ex in est varius tempus. Phasellus pretium, velit sed rhoncus sagittis, lacus justo dignissim libero, \r\n    in pellentesque eros eros vitae mi. Suspendisse vel condimentum magna. Sed ultrices auctor mi, quis accumsan lectus finibus id. \r\n    Aenean libero purus, finibus eget leo luctus, iaculis interdum velit. Curabitur eget lectus diam. Vivamus at tristique lorem. \r\n    Integer vestibulum cursus neque sit amet gravida.\r\n\r\n    Mauris non velit in felis vehicula feugiat. Pellentesque habitant morbi tristique senectus et netus et malesuada fames ac turpis egestas.\r\n     Vivamus luctus, turpis et porta consequat, ex ipsum mattis libero, sed consectetur neque ipsum et ligula. \r\n     Donec ut risus molestie erat suscipit finibus. Sed gravida mauris lectus, eu egestas ante mattis id. \r\n     Sed ante sapien, posuere eget neque a, rhoncus gravida ligula. Maecenas convallis vestibulum placerat.', 1, 8, 'https://picsum.photos/900?random=8'),
(9, 'Alejandro Escamilla', 'Nicholas Swanson', 'Lorem ipsum dolor sit amet, consectetur adipiscing elit. Vivamus ac leo vitae dolor feugiat convallis. \r\n    Proin sagittis ex in est varius tempus. Phasellus pretium, velit sed rhoncus sagittis, lacus justo dignissim libero, \r\n    in pellentesque eros eros vitae mi. Suspendisse vel condimentum magna. Sed ultrices auctor mi, quis accumsan lectus finibus id. \r\n    Aenean libero purus, finibus eget leo luctus, iaculis interdum velit. Curabitur eget lectus diam. Vivamus at tristique lorem. \r\n    Integer vestibulum cursus neque sit amet gravida.\r\n\r\n    Mauris non velit in felis vehicula feugiat. Pellentesque habitant morbi tristique senectus et netus et malesuada fames ac turpis egestas.\r\n     Vivamus luctus, turpis et porta consequat, ex ipsum mattis libero, sed consectetur neque ipsum et ligula. \r\n     Donec ut risus molestie erat suscipit finibus. Sed gravida mauris lectus, eu egestas ante mattis id. \r\n     Sed ante sapien, posuere eget neque a, rhoncus gravida ligula. Maecenas convallis vestibulum placerat.', 0, 7, 'https://picsum.photos/900?random=9'),
(10, 'Alejandro Escamilla', 'Cierra', 'Lorem ipsum dolor sit amet, consectetur adipiscing elit. Vivamus ac leo vitae dolor feugiat convallis. \r\n    Proin sagittis ex in est varius tempus. Phasellus pretium, velit sed rhoncus sagittis, lacus justo dignissim libero, \r\n    in pellentesque eros eros vitae mi. Suspendisse vel condimentum magna. Sed ultrices auctor mi, quis accumsan lectus finibus id. \r\n    Aenean libero purus, finibus eget leo luctus, iaculis interdum velit. Curabitur eget lectus diam. Vivamus at tristique lorem. \r\n    Integer vestibulum cursus neque sit amet gravida.\r\n\r\n    Mauris non velit in felis vehicula feugiat. Pellentesque habitant morbi tristique senectus et netus et malesuada fames ac turpis egestas.\r\n     Vivamus luctus, turpis et porta consequat, ex ipsum mattis libero, sed consectetur neque ipsum et ligula. \r\n     Donec ut risus molestie erat suscipit finibus. Sed gravida mauris lectus, eu egestas ante mattis id. \r\n     Sed ante sapien, posuere eget neque a, rhoncus gravida ligula. Maecenas convallis vestibulum placerat.', 1, 10, 'https://picsum.photos/900?random=10'),
(11, 'Alejandro Escamilla', 'Jon Eckert', 'Lorem ipsum dolor sit amet, consectetur adipiscing elit. Vivamus ac leo vitae dolor feugiat convallis. \r\n    Proin sagittis ex in est varius tempus. Phasellus pretium, velit sed rhoncus sagittis, lacus justo dignissim libero, \r\n    in pellentesque eros eros vitae mi. Suspendisse vel condimentum magna. Sed ultrices auctor mi, quis accumsan lectus finibus id. \r\n    Aenean libero purus, finibus eget leo luctus, iaculis interdum velit. Curabitur eget lectus diam. Vivamus at tristique lorem. \r\n    Integer vestibulum cursus neque sit amet gravida.\r\n\r\n    Mauris non velit in felis vehicula feugiat. Pellentesque habitant morbi tristique senectus et netus et malesuada fames ac turpis egestas.\r\n     Vivamus luctus, turpis et porta consequat, ex ipsum mattis libero, sed consectetur neque ipsum et ligula. \r\n     Donec ut risus molestie erat suscipit finibus. Sed gravida mauris lectus, eu egestas ante mattis id. \r\n     Sed ante sapien, posuere eget neque a, rhoncus gravida ligula. Maecenas convallis vestibulum placerat.', 0, 9, 'https://picsum.photos/900?random=11'),
(12, 'How-Soon Ngu', 'Alexander Shustov', 'Lorem ipsum dolor sit amet, consectetur adipiscing elit. Vivamus ac leo vitae dolor feugiat convallis. \r\n    Proin sagittis ex in est varius tempus. Phasellus pretium, velit sed rhoncus sagittis, lacus justo dignissim libero, \r\n    in pellentesque eros eros vitae mi. Suspendisse vel condimentum magna. Sed ultrices auctor mi, quis accumsan lectus finibus id. \r\n    Aenean libero purus, finibus eget leo luctus, iaculis interdum velit. Curabitur eget lectus diam. Vivamus at tristique lorem. \r\n    Integer vestibulum cursus neque sit amet gravida.\r\n\r\n    Mauris non velit in felis vehicula feugiat. Pellentesque habitant morbi tristique senectus et netus et malesuada fames ac turpis egestas.\r\n     Vivamus luctus, turpis et porta consequat, ex ipsum mattis libero, sed consectetur neque ipsum et ligula. \r\n     Donec ut risus molestie erat suscipit finibus. Sed gravida mauris lectus, eu egestas ante mattis id. \r\n     Sed ante sapien, posuere eget neque a, rhoncus gravida ligula. Maecenas convallis vestibulum placerat.', 0, 5, 'https://picsum.photos/900?random=12'),
(13, 'Paul Jarvis', 'Dorothy Lin', 'Lorem ipsum dolor sit amet, consectetur adipiscing elit. Vivamus ac leo vitae dolor feugiat convallis. \r\n    Proin sagittis ex in est varius tempus. Phasellus pretium, velit sed rhoncus sagittis, lacus justo dignissim libero, \r\n    in pellentesque eros eros vitae mi. Suspendisse vel condimentum magna. Sed ultrices auctor mi, quis accumsan lectus finibus id. \r\n    Aenean libero purus, finibus eget leo luctus, iaculis interdum velit. Curabitur eget lectus diam. Vivamus at tristique lorem. \r\n    Integer vestibulum cursus neque sit amet gravida.\r\n\r\n    Mauris non velit in felis vehicula feugiat. Pellentesque habitant morbi tristique senectus et netus et malesuada fames ac turpis egestas.\r\n     Vivamus luctus, turpis et porta consequat, ex ipsum mattis libero, sed consectetur neque ipsum et ligula. \r\n     Donec ut risus molestie erat suscipit finibus. Sed gravida mauris lectus, eu egestas ante mattis id. \r\n     Sed ante sapien, posuere eget neque a, rhoncus gravida ligula. Maecenas convallis vestibulum placerat.', 0, 9, 'https://picsum.photos/900?random=13'),
(14, 'Aleks Dorohovich', 'Daniel Genser', 'Lorem ipsum dolor sit amet, consectetur adipiscing elit. Vivamus ac leo vitae dolor feugiat convallis. \r\n    Proin sagittis ex in est varius tempus. Phasellus pretium, velit sed rhoncus sagittis, lacus justo dignissim libero, \r\n    in pellentesque eros eros vitae mi. Suspendisse vel condimentum magna. Sed ultrices auctor mi, quis accumsan lectus finibus id. \r\n    Aenean libero purus, finibus eget leo luctus, iaculis interdum velit. Curabitur eget lectus diam. Vivamus at tristique lorem. \r\n    Integer vestibulum cursus neque sit amet gravida.\r\n\r\n    Mauris non velit in felis vehicula feugiat. Pellentesque habitant morbi tristique senectus et netus et malesuada fames ac turpis egestas.\r\n     Vivamus luctus, turpis et porta consequat, ex ipsum mattis libero, sed consectetur neque ipsum et ligula. \r\n     Donec ut risus molestie erat suscipit finibus. Sed gravida mauris lectus, eu egestas ante mattis id. \r\n     Sed ante sapien, posuere eget neque a, rhoncus gravida ligula. Maecenas convallis vestibulum placerat.', 0, 10, 'https://picsum.photos/900?random=14'),
(15, 'Aleks Dorohovich', 'Julie Geiger', 'Lorem ipsum dolor sit amet, consectetur adipiscing elit. Vivamus ac leo vitae dolor feugiat convallis. \r\n    Proin sagittis ex in est varius tempus. Phasellus pretium, velit sed rhoncus sagittis, lacus justo dignissim libero, \r\n    in pellentesque eros eros vitae mi. Suspendisse vel condimentum magna. Sed ultrices auctor mi, quis accumsan lectus finibus id. \r\n    Aenean libero purus, finibus eget leo luctus, iaculis interdum velit. Curabitur eget lectus diam. Vivamus at tristique lorem. \r\n    Integer vestibulum cursus neque sit amet gravida.\r\n\r\n    Mauris non velit in felis vehicula feugiat. Pellentesque habitant morbi tristique senectus et netus et malesuada fames ac turpis egestas.\r\n     Vivamus luctus, turpis et porta consequat, ex ipsum mattis libero, sed consectetur neque ipsum et ligula. \r\n     Donec ut risus molestie erat suscipit finibus. Sed gravida mauris lectus, eu egestas ante mattis id. \r\n     Sed ante sapien, posuere eget neque a, rhoncus gravida ligula. Maecenas convallis vestibulum placerat.', 1, 9, 'https://picsum.photos/900?random=15'),
(16, 'Ryan Mcguire', 'Julie Geiger', 'Lorem ipsum dolor sit amet, consectetur adipiscing elit. Vivamus ac leo vitae dolor feugiat convallis. \r\n    Proin sagittis ex in est varius tempus. Phasellus pretium, velit sed rhoncus sagittis, lacus justo dignissim libero, \r\n    in pellentesque eros eros vitae mi. Suspendisse vel condimentum magna. Sed ultrices auctor mi, quis accumsan lectus finibus id. \r\n    Aenean libero purus, finibus eget leo luctus, iaculis interdum velit. Curabitur eget lectus diam. Vivamus at tristique lorem. \r\n    Integer vestibulum cursus neque sit amet gravida.\r\n\r\n    Mauris non velit in felis vehicula feugiat. Pellentesque habitant morbi tristique senectus et netus et malesuada fames ac turpis egestas.\r\n     Vivamus luctus, turpis et porta consequat, ex ipsum mattis libero, sed consectetur neque ipsum et ligula. \r\n     Donec ut risus molestie erat suscipit finibus. Sed gravida mauris lectus, eu egestas ante mattis id. \r\n     Sed ante sapien, posuere eget neque a, rhoncus gravida ligula. Maecenas convallis vestibulum placerat.', 1, 4, 'https://picsum.photos/900?random=16'),
(17, 'Paul Jarvis', 'Luke Chesser', 'Lorem ipsum dolor sit amet, consectetur adipiscing elit. Vivamus ac leo vitae dolor feugiat convallis. \r\n    Proin sagittis ex in est varius tempus. Phasellus pretium, velit sed rhoncus sagittis, lacus justo dignissim libero, \r\n    in pellentesque eros eros vitae mi. Suspendisse vel condimentum magna. Sed ultrices auctor mi, quis accumsan lectus finibus id. \r\n    Aenean libero purus, finibus eget leo luctus, iaculis interdum velit. Curabitur eget lectus diam. Vivamus at tristique lorem. \r\n    Integer vestibulum cursus neque sit amet gravida.\r\n\r\n    Mauris non velit in felis vehicula feugiat. Pellentesque habitant morbi tristique senectus et netus et malesuada fames ac turpis egestas.\r\n     Vivamus luctus, turpis et porta consequat, ex ipsum mattis libero, sed consectetur neque ipsum et ligula. \r\n     Donec ut risus molestie erat suscipit finibus. Sed gravida mauris lectus, eu egestas ante mattis id. \r\n     Sed ante sapien, posuere eget neque a, rhoncus gravida ligula. Maecenas convallis vestibulum placerat.', 1, 8, 'https://picsum.photos/900?random=17'),
(18, 'Paul Jarvis', 'Ireneuilia', 'Lorem ipsum dolor sit amet, consectetur adipiscing elit. Vivamus ac leo vitae dolor feugiat convallis. \r\n    Proin sagittis ex in est varius tempus. Phasellus pretium, velit sed rhoncus sagittis, lacus justo dignissim libero, \r\n    in pellentesque eros eros vitae mi. Suspendisse vel condimentum magna. Sed ultrices auctor mi, quis accumsan lectus finibus id. \r\n    Aenean libero purus, finibus eget leo luctus, iaculis interdum velit. Curabitur eget lectus diam. Vivamus at tristique lorem. \r\n    Integer vestibulum cursus neque sit amet gravida.\r\n\r\n    Mauris non velit in felis vehicula feugiat. Pellentesque habitant morbi tristique senectus et netus et malesuada fames ac turpis egestas.\r\n     Vivamus luctus, turpis et porta consequat, ex ipsum mattis libero, sed consectetur neque ipsum et ligula. \r\n     Donec ut risus molestie erat suscipit finibus. Sed gravida mauris lectus, eu egestas ante mattis id. \r\n     Sed ante sapien, posuere eget neque a, rhoncus gravida ligula. Maecenas convallis vestibulum placerat.', 1, 8, 'https://picsum.photos/900?random=18'),
(19, 'Jerry Adney', 'Christopher Sardegna', 'Lorem ipsum dolor sit amet, consectetur adipiscing elit. Vivamus ac leo vitae dolor feugiat convallis. \r\n    Proin sagittis ex in est varius tempus. Phasellus pretium, velit sed rhoncus sagittis, lacus justo dignissim libero, \r\n    in pellentesque eros eros vitae mi. Suspendisse vel condimentum magna. Sed ultrices auctor mi, quis accumsan lectus finibus id. \r\n    Aenean libero purus, finibus eget leo luctus, iaculis interdum velit. Curabitur eget lectus diam. Vivamus at tristique lorem. \r\n    Integer vestibulum cursus neque sit amet gravida.\r\n\r\n    Mauris non velit in felis vehicula feugiat. Pellentesque habitant morbi tristique senectus et netus et malesuada fames ac turpis egestas.\r\n     Vivamus luctus, turpis et porta consequat, ex ipsum mattis libero, sed consectetur neque ipsum et ligula. \r\n     Donec ut risus molestie erat suscipit finibus. Sed gravida mauris lectus, eu egestas ante mattis id. \r\n     Sed ante sapien, posuere eget neque a, rhoncus gravida ligula. Maecenas convallis vestibulum placerat.', 0, 10, 'https://picsum.photos/900?random=19'),
(20, 'Shane Colella', 'Art Wave', 'Lorem ipsum dolor sit amet, consectetur adipiscing elit. Vivamus ac leo vitae dolor feugiat convallis. \r\n    Proin sagittis ex in est varius tempus. Phasellus pretium, velit sed rhoncus sagittis, lacus justo dignissim libero, \r\n    in pellentesque eros eros vitae mi. Suspendisse vel condimentum magna. Sed ultrices auctor mi, quis accumsan lectus finibus id. \r\n    Aenean libero purus, finibus eget leo luctus, iaculis interdum velit. Curabitur eget lectus diam. Vivamus at tristique lorem. \r\n    Integer vestibulum cursus neque sit amet gravida.\r\n\r\n    Mauris non velit in felis vehicula feugiat. Pellentesque habitant morbi tristique senectus et netus et malesuada fames ac turpis egestas.\r\n     Vivamus luctus, turpis et porta consequat, ex ipsum mattis libero, sed consectetur neque ipsum et ligula. \r\n     Donec ut risus molestie erat suscipit finibus. Sed gravida mauris lectus, eu egestas ante mattis id. \r\n     Sed ante sapien, posuere eget neque a, rhoncus gravida ligula. Maecenas convallis vestibulum placerat.', 0, 2, 'https://picsum.photos/900?random=20'),
(21, 'Allyson Souza', 'Jon Eckert', 'Lorem ipsum dolor sit amet, consectetur adipiscing elit. Vivamus ac leo vitae dolor feugiat convallis. \r\n    Proin sagittis ex in est varius tempus. Phasellus pretium, velit sed rhoncus sagittis, lacus justo dignissim libero, \r\n    in pellentesque eros eros vitae mi. Suspendisse vel condimentum magna. Sed ultrices auctor mi, quis accumsan lectus finibus id. \r\n    Aenean libero purus, finibus eget leo luctus, iaculis interdum velit. Curabitur eget lectus diam. Vivamus at tristique lorem. \r\n    Integer vestibulum cursus neque sit amet gravida.\r\n\r\n    Mauris non velit in felis vehicula feugiat. Pellentesque habitant morbi tristique senectus et netus et malesuada fames ac turpis egestas.\r\n     Vivamus luctus, turpis et porta consequat, ex ipsum mattis libero, sed consectetur neque ipsum et ligula. \r\n     Donec ut risus molestie erat suscipit finibus. Sed gravida mauris lectus, eu egestas ante mattis id. \r\n     Sed ante sapien, posuere eget neque a, rhoncus gravida ligula. Maecenas convallis vestibulum placerat.', 1, 7, 'https://picsum.photos/900?random=21'),
(22, 'Paul Jarvis', 'Daniel Genser', 'Lorem ipsum dolor sit amet, consectetur adipiscing elit. Vivamus ac leo vitae dolor feugiat convallis. \r\n    Proin sagittis ex in est varius tempus. Phasellus pretium, velit sed rhoncus sagittis, lacus justo dignissim libero, \r\n    in pellentesque eros eros vitae mi. Suspendisse vel condimentum magna. Sed ultrices auctor mi, quis accumsan lectus finibus id. \r\n    Aenean libero purus, finibus eget leo luctus, iaculis interdum velit. Curabitur eget lectus diam. Vivamus at tristique lorem. \r\n    Integer vestibulum cursus neque sit amet gravida.\r\n\r\n    Mauris non velit in felis vehicula feugiat. Pellentesque habitant morbi tristique senectus et netus et malesuada fames ac turpis egestas.\r\n     Vivamus luctus, turpis et porta consequat, ex ipsum mattis libero, sed consectetur neque ipsum et ligula. \r\n     Donec ut risus molestie erat suscipit finibus. Sed gravida mauris lectus, eu egestas ante mattis id. \r\n     Sed ante sapien, posuere eget neque a, rhoncus gravida ligula. Maecenas convallis vestibulum placerat.', 0, 5, 'https://picsum.photos/900?random=22'),
(23, 'Alejandro Escamilla', 'Johnny Lam', 'Lorem ipsum dolor sit amet, consectetur adipiscing elit. Vivamus ac leo vitae dolor feugiat convallis. \r\n    Proin sagittis ex in est varius tempus. Phasellus pretium, velit sed rhoncus sagittis, lacus justo dignissim libero, \r\n    in pellentesque eros eros vitae mi. Suspendisse vel condimentum magna. Sed ultrices auctor mi, quis accumsan lectus finibus id. \r\n    Aenean libero purus, finibus eget leo luctus, iaculis interdum velit. Curabitur eget lectus diam. Vivamus at tristique lorem. \r\n    Integer vestibulum cursus neque sit amet gravida.\r\n\r\n    Mauris non velit in felis vehicula feugiat. Pellentesque habitant morbi tristique senectus et netus et malesuada fames ac turpis egestas.\r\n     Vivamus luctus, turpis et porta consequat, ex ipsum mattis libero, sed consectetur neque ipsum et ligula. \r\n     Donec ut risus molestie erat suscipit finibus. Sed gravida mauris lectus, eu egestas ante mattis id. \r\n     Sed ante sapien, posuere eget neque a, rhoncus gravida ligula. Maecenas convallis vestibulum placerat.', 1, 1, 'https://picsum.photos/900?random=23'),
(24, 'Alejandro Escamilla', 'Art Wave', 'Lorem ipsum dolor sit amet, consectetur adipiscing elit. Vivamus ac leo vitae dolor feugiat convallis. \r\n    Proin sagittis ex in est varius tempus. Phasellus pretium, velit sed rhoncus sagittis, lacus justo dignissim libero, \r\n    in pellentesque eros eros vitae mi. Suspendisse vel condimentum magna. Sed ultrices auctor mi, quis accumsan lectus finibus id. \r\n    Aenean libero purus, finibus eget leo luctus, iaculis interdum velit. Curabitur eget lectus diam. Vivamus at tristique lorem. \r\n    Integer vestibulum cursus neque sit amet gravida.\r\n\r\n    Mauris non velit in felis vehicula feugiat. Pellentesque habitant morbi tristique senectus et netus et malesuada fames ac turpis egestas.\r\n     Vivamus luctus, turpis et porta consequat, ex ipsum mattis libero, sed consectetur neque ipsum et ligula. \r\n     Donec ut risus molestie erat suscipit finibus. Sed gravida mauris lectus, eu egestas ante mattis id. \r\n     Sed ante sapien, posuere eget neque a, rhoncus gravida ligula. Maecenas convallis vestibulum placerat.', 0, 2, 'https://picsum.photos/900?random=24'),
(25, 'Allyson Souza', 'Alexander Shustov', 'Lorem ipsum dolor sit amet, consectetur adipiscing elit. Vivamus ac leo vitae dolor feugiat convallis. \r\n    Proin sagittis ex in est varius tempus. Phasellus pretium, velit sed rhoncus sagittis, lacus justo dignissim libero, \r\n    in pellentesque eros eros vitae mi. Suspendisse vel condimentum magna. Sed ultrices auctor mi, quis accumsan lectus finibus id. \r\n    Aenean libero purus, finibus eget leo luctus, iaculis interdum velit. Curabitur eget lectus diam. Vivamus at tristique lorem. \r\n    Integer vestibulum cursus neque sit amet gravida.\r\n\r\n    Mauris non velit in felis vehicula feugiat. Pellentesque habitant morbi tristique senectus et netus et malesuada fames ac turpis egestas.\r\n     Vivamus luctus, turpis et porta consequat, ex ipsum mattis libero, sed consectetur neque ipsum et ligula. \r\n     Donec ut risus molestie erat suscipit finibus. Sed gravida mauris lectus, eu egestas ante mattis id. \r\n     Sed ante sapien, posuere eget neque a, rhoncus gravida ligula. Maecenas convallis vestibulum placerat.', 0, 1, 'https://picsum.photos/900?random=25'),
(26, 'Alejandro Escamilla', 'Jeffrey Kam', 'Lorem ipsum dolor sit amet, consectetur adipiscing elit. Vivamus ac leo vitae dolor feugiat convallis. \r\n    Proin sagittis ex in est varius tempus. Phasellus pretium, velit sed rhoncus sagittis, lacus justo dignissim libero, \r\n    in pellentesque eros eros vitae mi. Suspendisse vel condimentum magna. Sed ultrices auctor mi, quis accumsan lectus finibus id. \r\n    Aenean libero purus, finibus eget leo luctus, iaculis interdum velit. Curabitur eget lectus diam. Vivamus at tristique lorem. \r\n    Integer vestibulum cursus neque sit amet gravida.\r\n\r\n    Mauris non velit in felis vehicula feugiat. Pellentesque habitant morbi tristique senectus et netus et malesuada fames ac turpis egestas.\r\n     Vivamus luctus, turpis et porta consequat, ex ipsum mattis libero, sed consectetur neque ipsum et ligula. \r\n     Donec ut risus molestie erat suscipit finibus. Sed gravida mauris lectus, eu egestas ante mattis id. \r\n     Sed ante sapien, posuere eget neque a, rhoncus gravida ligula. Maecenas convallis vestibulum placerat.', 1, 6, 'https://picsum.photos/900?random=26'),
(27, 'Luke Chesser', 'Johnny Lam', 'Lorem ipsum dolor sit amet, consectetur adipiscing elit. Vivamus ac leo vitae dolor feugiat convallis. \r\n    Proin sagittis ex in est varius tempus. Phasellus pretium, velit sed rhoncus sagittis, lacus justo dignissim libero, \r\n    in pellentesque eros eros vitae mi. Suspendisse vel condimentum magna. Sed ultrices auctor mi, quis accumsan lectus finibus id. \r\n    Aenean libero purus, finibus eget leo luctus, iaculis interdum velit. Curabitur eget lectus diam. Vivamus at tristique lorem. \r\n    Integer vestibulum cursus neque sit amet gravida.\r\n\r\n    Mauris non velit in felis vehicula feugiat. Pellentesque habitant morbi tristique senectus et netus et malesuada fames ac turpis egestas.\r\n     Vivamus luctus, turpis et porta consequat, ex ipsum mattis libero, sed consectetur neque ipsum et ligula. \r\n     Donec ut risus molestie erat suscipit finibus. Sed gravida mauris lectus, eu egestas ante mattis id. \r\n     Sed ante sapien, posuere eget neque a, rhoncus gravida ligula. Maecenas convallis vestibulum placerat.', 1, 10, 'https://picsum.photos/900?random=27'),
(28, 'Alejandro Escamilla', 'Alexander Shustov', 'Lorem ipsum dolor sit amet, consectetur adipiscing elit. Vivamus ac leo vitae dolor feugiat convallis. \r\n    Proin sagittis ex in est varius tempus. Phasellus pretium, velit sed rhoncus sagittis, lacus justo dignissim libero, \r\n    in pellentesque eros eros vitae mi. Suspendisse vel condimentum magna. Sed ultrices auctor mi, quis accumsan lectus finibus id. \r\n    Aenean libero purus, finibus eget leo luctus, iaculis interdum velit. Curabitur eget lectus diam. Vivamus at tristique lorem. \r\n    Integer vestibulum cursus neque sit amet gravida.\r\n\r\n    Mauris non velit in felis vehicula feugiat. Pellentesque habitant morbi tristique senectus et netus et malesuada fames ac turpis egestas.\r\n     Vivamus luctus, turpis et porta consequat, ex ipsum mattis libero, sed consectetur neque ipsum et ligula. \r\n     Donec ut risus molestie erat suscipit finibus. Sed gravida mauris lectus, eu egestas ante mattis id. \r\n     Sed ante sapien, posuere eget neque a, rhoncus gravida ligula. Maecenas convallis vestibulum placerat.', 1, 9, 'https://picsum.photos/900?random=28'),
(29, 'Paul Jarvis', 'J Duclos', 'Lorem ipsum dolor sit amet, consectetur adipiscing elit. Vivamus ac leo vitae dolor feugiat convallis. \r\n    Proin sagittis ex in est varius tempus. Phasellus pretium, velit sed rhoncus sagittis, lacus justo dignissim libero, \r\n    in pellentesque eros eros vitae mi. Suspendisse vel condimentum magna. Sed ultrices auctor mi, quis accumsan lectus finibus id. \r\n    Aenean libero purus, finibus eget leo luctus, iaculis interdum velit. Curabitur eget lectus diam. Vivamus at tristique lorem. \r\n    Integer vestibulum cursus neque sit amet gravida.\r\n\r\n    Mauris non velit in felis vehicula feugiat. Pellentesque habitant morbi tristique senectus et netus et malesuada fames ac turpis egestas.\r\n     Vivamus luctus, turpis et porta consequat, ex ipsum mattis libero, sed consectetur neque ipsum et ligula. \r\n     Donec ut risus molestie erat suscipit finibus. Sed gravida mauris lectus, eu egestas ante mattis id. \r\n     Sed ante sapien, posuere eget neque a, rhoncus gravida ligula. Maecenas convallis vestibulum placerat.', 1, 4, 'https://picsum.photos/900?random=29'),
(30, 'Alejandro Escamilla', 'Tyler Wanlass', 'Lorem ipsum dolor sit amet, consectetur adipiscing elit. Vivamus ac leo vitae dolor feugiat convallis. \r\n    Proin sagittis ex in est varius tempus. Phasellus pretium, velit sed rhoncus sagittis, lacus justo dignissim libero, \r\n    in pellentesque eros eros vitae mi. Suspendisse vel condimentum magna. Sed ultrices auctor mi, quis accumsan lectus finibus id. \r\n    Aenean libero purus, finibus eget leo luctus, iaculis interdum velit. Curabitur eget lectus diam. Vivamus at tristique lorem. \r\n    Integer vestibulum cursus neque sit amet gravida.\r\n\r\n    Mauris non velit in felis vehicula feugiat. Pellentesque habitant morbi tristique senectus et netus et malesuada fames ac turpis egestas.\r\n     Vivamus luctus, turpis et porta consequat, ex ipsum mattis libero, sed consectetur neque ipsum et ligula. \r\n     Donec ut risus molestie erat suscipit finibus. Sed gravida mauris lectus, eu egestas ante mattis id. \r\n     Sed ante sapien, posuere eget neque a, rhoncus gravida ligula. Maecenas convallis vestibulum placerat.', 0, 8, 'https://picsum.photos/900?random=30');

-- --------------------------------------------------------

--
-- Structure de la table `message`
--

CREATE TABLE `message` (
  `id` int(11) NOT NULL,
  `idSender` int(11) NOT NULL,
  `idReceiver` int(11) NOT NULL,
  `content` text NOT NULL,
  `sendDate` datetime NOT NULL DEFAULT current_timestamp(),
  `readFlag` tinyint(4) NOT NULL
) ENGINE=InnoDB DEFAULT CHARSET=utf8 COLLATE=utf8_general_ci;

--
-- Déchargement des données de la table `message`
--

INSERT INTO `message` (`id`, `idSender`, `idReceiver`, `content`, `sendDate`, `readFlag`) VALUES
(1, 6, 9, 'Lorem ipsum dolor sit amet, consectetur adipiscing elit. Donec lectus lectus, tincidunt eget mi ac, aliquam semper mi. Nulla nec rhoncus nunc. Sed ultrices vehicula.', '1996-01-12 03:23:19', 1),
(2, 10, 4, 'Lorem ipsum dolor sit amet, consectetur adipiscing elit. Donec lectus lectus, tincidunt eget mi ac, aliquam semper mi. Nulla nec rhoncus nunc. Sed ultrices vehicula.', '2011-06-25 03:46:58', 1),
(3, 10, 2, 'Lorem ipsum dolor sit amet, consectetur adipiscing elit. Donec lectus lectus, tincidunt eget mi ac, aliquam semper mi. Nulla nec rhoncus nunc. Sed ultrices vehicula.', '1996-02-26 07:00:32', 1),
(4, 5, 3, 'Lorem ipsum dolor sit amet, consectetur adipiscing elit. Donec lectus lectus, tincidunt eget mi ac, aliquam semper mi. Nulla nec rhoncus nunc. Sed ultrices vehicula.', '1993-03-11 21:33:13', 1),
(5, 6, 2, 'Lorem ipsum dolor sit amet, consectetur adipiscing elit. Donec lectus lectus, tincidunt eget mi ac, aliquam semper mi. Nulla nec rhoncus nunc. Sed ultrices vehicula.', '1991-01-18 05:24:15', 1),
(6, 10, 8, 'Lorem ipsum dolor sit amet, consectetur adipiscing elit. Donec lectus lectus, tincidunt eget mi ac, aliquam semper mi. Nulla nec rhoncus nunc. Sed ultrices vehicula.', '2011-03-07 14:43:42', 1),
(7, 8, 9, 'Lorem ipsum dolor sit amet, consectetur adipiscing elit. Donec lectus lectus, tincidunt eget mi ac, aliquam semper mi. Nulla nec rhoncus nunc. Sed ultrices vehicula.', '1994-04-02 16:53:06', 1),
(8, 4, 6, 'Lorem ipsum dolor sit amet, consectetur adipiscing elit. Donec lectus lectus, tincidunt eget mi ac, aliquam semper mi. Nulla nec rhoncus nunc. Sed ultrices vehicula.', '1987-02-08 18:46:01', 0),
(9, 7, 1, 'Lorem ipsum dolor sit amet, consectetur adipiscing elit. Donec lectus lectus, tincidunt eget mi ac, aliquam semper mi. Nulla nec rhoncus nunc. Sed ultrices vehicula.', '1971-08-09 17:44:06', 1),
(10, 3, 9, 'Lorem ipsum dolor sit amet, consectetur adipiscing elit. Donec lectus lectus, tincidunt eget mi ac, aliquam semper mi. Nulla nec rhoncus nunc. Sed ultrices vehicula.', '1993-08-27 00:07:31', 1),
(11, 1, 4, 'Lorem ipsum dolor sit amet, consectetur adipiscing elit. Donec lectus lectus, tincidunt eget mi ac, aliquam semper mi. Nulla nec rhoncus nunc. Sed ultrices vehicula.', '2000-10-09 00:51:41', 1),
(12, 6, 1, 'Lorem ipsum dolor sit amet, consectetur adipiscing elit. Donec lectus lectus, tincidunt eget mi ac, aliquam semper mi. Nulla nec rhoncus nunc. Sed ultrices vehicula.', '1979-02-17 03:10:44', 1),
(13, 5, 3, 'Lorem ipsum dolor sit amet, consectetur adipiscing elit. Donec lectus lectus, tincidunt eget mi ac, aliquam semper mi. Nulla nec rhoncus nunc. Sed ultrices vehicula.', '1993-09-27 10:47:11', 1),
(14, 1, 8, 'Lorem ipsum dolor sit amet, consectetur adipiscing elit. Donec lectus lectus, tincidunt eget mi ac, aliquam semper mi. Nulla nec rhoncus nunc. Sed ultrices vehicula.', '1997-07-14 09:00:10', 1),
(15, 3, 5, 'Lorem ipsum dolor sit amet, consectetur adipiscing elit. Donec lectus lectus, tincidunt eget mi ac, aliquam semper mi. Nulla nec rhoncus nunc. Sed ultrices vehicula.', '2008-05-13 08:33:53', 1),
(16, 2, 9, 'Lorem ipsum dolor sit amet, consectetur adipiscing elit. Donec lectus lectus, tincidunt eget mi ac, aliquam semper mi. Nulla nec rhoncus nunc. Sed ultrices vehicula.', '1982-03-09 13:18:27', 0),
(17, 5, 10, 'Lorem ipsum dolor sit amet, consectetur adipiscing elit. Donec lectus lectus, tincidunt eget mi ac, aliquam semper mi. Nulla nec rhoncus nunc. Sed ultrices vehicula.', '2011-04-09 15:27:40', 1),
(18, 3, 2, 'Lorem ipsum dolor sit amet, consectetur adipiscing elit. Donec lectus lectus, tincidunt eget mi ac, aliquam semper mi. Nulla nec rhoncus nunc. Sed ultrices vehicula.', '1971-11-13 10:07:37', 1),
(19, 2, 1, 'Lorem ipsum dolor sit amet, consectetur adipiscing elit. Donec lectus lectus, tincidunt eget mi ac, aliquam semper mi. Nulla nec rhoncus nunc. Sed ultrices vehicula.', '1985-01-05 20:16:33', 0),
(20, 4, 8, 'Lorem ipsum dolor sit amet, consectetur adipiscing elit. Donec lectus lectus, tincidunt eget mi ac, aliquam semper mi. Nulla nec rhoncus nunc. Sed ultrices vehicula.', '1999-11-23 05:16:08', 0),
(21, 6, 4, 'Lorem ipsum dolor sit amet, consectetur adipiscing elit. Donec lectus lectus, tincidunt eget mi ac, aliquam semper mi. Nulla nec rhoncus nunc. Sed ultrices vehicula.', '2009-04-27 07:28:45', 1),
(22, 9, 3, 'Lorem ipsum dolor sit amet, consectetur adipiscing elit. Donec lectus lectus, tincidunt eget mi ac, aliquam semper mi. Nulla nec rhoncus nunc. Sed ultrices vehicula.', '1986-03-02 05:45:03', 1),
(23, 4, 10, 'Lorem ipsum dolor sit amet, consectetur adipiscing elit. Donec lectus lectus, tincidunt eget mi ac, aliquam semper mi. Nulla nec rhoncus nunc. Sed ultrices vehicula.', '1988-06-25 20:05:16', 0),
(24, 8, 7, 'Lorem ipsum dolor sit amet, consectetur adipiscing elit. Donec lectus lectus, tincidunt eget mi ac, aliquam semper mi. Nulla nec rhoncus nunc. Sed ultrices vehicula.', '1972-06-22 10:56:36', 1),
(25, 10, 6, 'Lorem ipsum dolor sit amet, consectetur adipiscing elit. Donec lectus lectus, tincidunt eget mi ac, aliquam semper mi. Nulla nec rhoncus nunc. Sed ultrices vehicula.', '1986-03-14 11:20:59', 1),
(26, 9, 2, 'Lorem ipsum dolor sit amet, consectetur adipiscing elit. Donec lectus lectus, tincidunt eget mi ac, aliquam semper mi. Nulla nec rhoncus nunc. Sed ultrices vehicula.', '2018-08-13 02:55:19', 1),
(27, 9, 6, 'Lorem ipsum dolor sit amet, consectetur adipiscing elit. Donec lectus lectus, tincidunt eget mi ac, aliquam semper mi. Nulla nec rhoncus nunc. Sed ultrices vehicula.', '1999-04-16 04:52:54', 1),
(28, 7, 8, 'Lorem ipsum dolor sit amet, consectetur adipiscing elit. Donec lectus lectus, tincidunt eget mi ac, aliquam semper mi. Nulla nec rhoncus nunc. Sed ultrices vehicula.', '2024-04-14 12:32:01', 1),
(29, 10, 8, 'Lorem ipsum dolor sit amet, consectetur adipiscing elit. Donec lectus lectus, tincidunt eget mi ac, aliquam semper mi. Nulla nec rhoncus nunc. Sed ultrices vehicula.', '1989-11-14 01:14:18', 1),
(30, 9, 10, 'Lorem ipsum dolor sit amet, consectetur adipiscing elit. Donec lectus lectus, tincidunt eget mi ac, aliquam semper mi. Nulla nec rhoncus nunc. Sed ultrices vehicula.', '2007-02-16 12:52:09', 1),
(31, 9, 7, 'Lorem ipsum dolor sit amet, consectetur adipiscing elit. Donec lectus lectus, tincidunt eget mi ac, aliquam semper mi. Nulla nec rhoncus nunc. Sed ultrices vehicula.', '1971-05-30 13:32:22', 1),
(32, 4, 7, 'Lorem ipsum dolor sit amet, consectetur adipiscing elit. Donec lectus lectus, tincidunt eget mi ac, aliquam semper mi. Nulla nec rhoncus nunc. Sed ultrices vehicula.', '2018-01-22 05:57:18', 0),
(33, 8, 3, 'Lorem ipsum dolor sit amet, consectetur adipiscing elit. Donec lectus lectus, tincidunt eget mi ac, aliquam semper mi. Nulla nec rhoncus nunc. Sed ultrices vehicula.', '2004-04-11 17:00:54', 1),
(34, 10, 8, 'Lorem ipsum dolor sit amet, consectetur adipiscing elit. Donec lectus lectus, tincidunt eget mi ac, aliquam semper mi. Nulla nec rhoncus nunc. Sed ultrices vehicula.', '2001-06-17 23:55:19', 1),
(35, 1, 8, 'Lorem ipsum dolor sit amet, consectetur adipiscing elit. Donec lectus lectus, tincidunt eget mi ac, aliquam semper mi. Nulla nec rhoncus nunc. Sed ultrices vehicula.', '1979-07-08 03:21:45', 1),
(36, 5, 7, 'Lorem ipsum dolor sit amet, consectetur adipiscing elit. Donec lectus lectus, tincidunt eget mi ac, aliquam semper mi. Nulla nec rhoncus nunc. Sed ultrices vehicula.', '1998-06-21 16:49:26', 1),
(37, 5, 1, 'Lorem ipsum dolor sit amet, consectetur adipiscing elit. Donec lectus lectus, tincidunt eget mi ac, aliquam semper mi. Nulla nec rhoncus nunc. Sed ultrices vehicula.', '2007-05-23 13:09:48', 1),
(38, 6, 10, 'Lorem ipsum dolor sit amet, consectetur adipiscing elit. Donec lectus lectus, tincidunt eget mi ac, aliquam semper mi. Nulla nec rhoncus nunc. Sed ultrices vehicula.', '2015-12-03 08:51:16', 1),
(39, 3, 5, 'Lorem ipsum dolor sit amet, consectetur adipiscing elit. Donec lectus lectus, tincidunt eget mi ac, aliquam semper mi. Nulla nec rhoncus nunc. Sed ultrices vehicula.', '1990-06-01 07:15:32', 1),
(40, 1, 10, 'Lorem ipsum dolor sit amet, consectetur adipiscing elit. Donec lectus lectus, tincidunt eget mi ac, aliquam semper mi. Nulla nec rhoncus nunc. Sed ultrices vehicula.', '2000-01-20 20:23:28', 1),
(41, 7, 3, 'Lorem ipsum dolor sit amet, consectetur adipiscing elit. Donec lectus lectus, tincidunt eget mi ac, aliquam semper mi. Nulla nec rhoncus nunc. Sed ultrices vehicula.', '2010-05-07 08:39:00', 1),
(42, 1, 2, 'Lorem ipsum dolor sit amet, consectetur adipiscing elit. Donec lectus lectus, tincidunt eget mi ac, aliquam semper mi. Nulla nec rhoncus nunc. Sed ultrices vehicula.', '1979-01-04 06:43:38', 1),
(43, 9, 3, 'Lorem ipsum dolor sit amet, consectetur adipiscing elit. Donec lectus lectus, tincidunt eget mi ac, aliquam semper mi. Nulla nec rhoncus nunc. Sed ultrices vehicula.', '2004-11-03 21:28:34', 1),
(44, 8, 6, 'Lorem ipsum dolor sit amet, consectetur adipiscing elit. Donec lectus lectus, tincidunt eget mi ac, aliquam semper mi. Nulla nec rhoncus nunc. Sed ultrices vehicula.', '2008-11-30 05:06:26', 1),
(45, 3, 1, 'Lorem ipsum dolor sit amet, consectetur adipiscing elit. Donec lectus lectus, tincidunt eget mi ac, aliquam semper mi. Nulla nec rhoncus nunc. Sed ultrices vehicula.', '1971-06-29 04:24:53', 1),
(46, 4, 6, 'Lorem ipsum dolor sit amet, consectetur adipiscing elit. Donec lectus lectus, tincidunt eget mi ac, aliquam semper mi. Nulla nec rhoncus nunc. Sed ultrices vehicula.', '1999-09-07 03:40:43', 0),
(47, 7, 6, 'Lorem ipsum dolor sit amet, consectetur adipiscing elit. Donec lectus lectus, tincidunt eget mi ac, aliquam semper mi. Nulla nec rhoncus nunc. Sed ultrices vehicula.', '2004-05-06 10:21:33', 1),
(48, 7, 8, 'Lorem ipsum dolor sit amet, consectetur adipiscing elit. Donec lectus lectus, tincidunt eget mi ac, aliquam semper mi. Nulla nec rhoncus nunc. Sed ultrices vehicula.', '2003-04-06 09:03:59', 1),
(49, 8, 5, 'Lorem ipsum dolor sit amet, consectetur adipiscing elit. Donec lectus lectus, tincidunt eget mi ac, aliquam semper mi. Nulla nec rhoncus nunc. Sed ultrices vehicula.', '1997-02-13 06:44:18', 1),
(50, 8, 1, 'Lorem ipsum dolor sit amet, consectetur adipiscing elit. Donec lectus lectus, tincidunt eget mi ac, aliquam semper mi. Nulla nec rhoncus nunc. Sed ultrices vehicula.', '1979-12-04 04:45:18', 1),
(51, 4, 9, 'Lorem ipsum dolor sit amet, consectetur adipiscing elit. Donec lectus lectus, tincidunt eget mi ac, aliquam semper mi. Nulla nec rhoncus nunc. Sed ultrices vehicula.', '2002-05-10 15:23:51', 0),
(52, 2, 8, 'Lorem ipsum dolor sit amet, consectetur adipiscing elit. Donec lectus lectus, tincidunt eget mi ac, aliquam semper mi. Nulla nec rhoncus nunc. Sed ultrices vehicula.', '1989-03-20 05:34:31', 0),
(53, 7, 2, 'Lorem ipsum dolor sit amet, consectetur adipiscing elit. Donec lectus lectus, tincidunt eget mi ac, aliquam semper mi. Nulla nec rhoncus nunc. Sed ultrices vehicula.', '2000-05-28 00:37:51', 1),
(54, 4, 9, 'Lorem ipsum dolor sit amet, consectetur adipiscing elit. Donec lectus lectus, tincidunt eget mi ac, aliquam semper mi. Nulla nec rhoncus nunc. Sed ultrices vehicula.', '1990-04-05 18:15:39', 0),
(55, 6, 8, 'Lorem ipsum dolor sit amet, consectetur adipiscing elit. Donec lectus lectus, tincidunt eget mi ac, aliquam semper mi. Nulla nec rhoncus nunc. Sed ultrices vehicula.', '1973-08-10 07:18:59', 1),
(56, 8, 9, 'Lorem ipsum dolor sit amet, consectetur adipiscing elit. Donec lectus lectus, tincidunt eget mi ac, aliquam semper mi. Nulla nec rhoncus nunc. Sed ultrices vehicula.', '1979-07-16 07:09:51', 1),
(57, 5, 7, 'Lorem ipsum dolor sit amet, consectetur adipiscing elit. Donec lectus lectus, tincidunt eget mi ac, aliquam semper mi. Nulla nec rhoncus nunc. Sed ultrices vehicula.', '2021-04-06 11:53:58', 1),
(58, 9, 6, 'Lorem ipsum dolor sit amet, consectetur adipiscing elit. Donec lectus lectus, tincidunt eget mi ac, aliquam semper mi. Nulla nec rhoncus nunc. Sed ultrices vehicula.', '2012-01-09 06:36:33', 1),
(59, 3, 4, 'Lorem ipsum dolor sit amet, consectetur adipiscing elit. Donec lectus lectus, tincidunt eget mi ac, aliquam semper mi. Nulla nec rhoncus nunc. Sed ultrices vehicula.', '2017-06-12 02:16:23', 1),
(60, 10, 3, 'Lorem ipsum dolor sit amet, consectetur adipiscing elit. Donec lectus lectus, tincidunt eget mi ac, aliquam semper mi. Nulla nec rhoncus nunc. Sed ultrices vehicula.', '1977-04-01 10:01:41', 1),
(61, 4, 8, 'Lorem ipsum dolor sit amet, consectetur adipiscing elit. Donec lectus lectus, tincidunt eget mi ac, aliquam semper mi. Nulla nec rhoncus nunc. Sed ultrices vehicula.', '2020-07-02 22:16:12', 0),
(62, 6, 3, 'Lorem ipsum dolor sit amet, consectetur adipiscing elit. Donec lectus lectus, tincidunt eget mi ac, aliquam semper mi. Nulla nec rhoncus nunc. Sed ultrices vehicula.', '2006-04-25 13:36:42', 1),
(63, 7, 2, 'Lorem ipsum dolor sit amet, consectetur adipiscing elit. Donec lectus lectus, tincidunt eget mi ac, aliquam semper mi. Nulla nec rhoncus nunc. Sed ultrices vehicula.', '1996-03-15 03:57:51', 1),
(64, 2, 7, 'Lorem ipsum dolor sit amet, consectetur adipiscing elit. Donec lectus lectus, tincidunt eget mi ac, aliquam semper mi. Nulla nec rhoncus nunc. Sed ultrices vehicula.', '2022-03-18 02:14:46', 0),
(65, 8, 10, 'Lorem ipsum dolor sit amet, consectetur adipiscing elit. Donec lectus lectus, tincidunt eget mi ac, aliquam semper mi. Nulla nec rhoncus nunc. Sed ultrices vehicula.', '1982-08-21 17:11:32', 1),
(66, 1, 10, 'Lorem ipsum dolor sit amet, consectetur adipiscing elit. Donec lectus lectus, tincidunt eget mi ac, aliquam semper mi. Nulla nec rhoncus nunc. Sed ultrices vehicula.', '2024-01-01 20:16:16', 1),
(67, 9, 1, 'Lorem ipsum dolor sit amet, consectetur adipiscing elit. Donec lectus lectus, tincidunt eget mi ac, aliquam semper mi. Nulla nec rhoncus nunc. Sed ultrices vehicula.', '1977-04-13 14:50:31', 1),
(68, 5, 8, 'Lorem ipsum dolor sit amet, consectetur adipiscing elit. Donec lectus lectus, tincidunt eget mi ac, aliquam semper mi. Nulla nec rhoncus nunc. Sed ultrices vehicula.', '1981-10-08 22:26:45', 1),
(69, 7, 10, 'Lorem ipsum dolor sit amet, consectetur adipiscing elit. Donec lectus lectus, tincidunt eget mi ac, aliquam semper mi. Nulla nec rhoncus nunc. Sed ultrices vehicula.', '2020-12-26 10:51:22', 1),
(70, 10, 2, 'Lorem ipsum dolor sit amet, consectetur adipiscing elit. Donec lectus lectus, tincidunt eget mi ac, aliquam semper mi. Nulla nec rhoncus nunc. Sed ultrices vehicula.', '2003-04-09 06:30:17', 1),
(71, 2, 9, 'Lorem ipsum dolor sit amet, consectetur adipiscing elit. Donec lectus lectus, tincidunt eget mi ac, aliquam semper mi. Nulla nec rhoncus nunc. Sed ultrices vehicula.', '2004-02-24 08:42:26', 0),
(72, 6, 10, 'Lorem ipsum dolor sit amet, consectetur adipiscing elit. Donec lectus lectus, tincidunt eget mi ac, aliquam semper mi. Nulla nec rhoncus nunc. Sed ultrices vehicula.', '1982-01-16 22:41:55', 1),
(73, 3, 10, 'Lorem ipsum dolor sit amet, consectetur adipiscing elit. Donec lectus lectus, tincidunt eget mi ac, aliquam semper mi. Nulla nec rhoncus nunc. Sed ultrices vehicula.', '1992-12-26 04:39:08', 1),
(74, 8, 10, 'Lorem ipsum dolor sit amet, consectetur adipiscing elit. Donec lectus lectus, tincidunt eget mi ac, aliquam semper mi. Nulla nec rhoncus nunc. Sed ultrices vehicula.', '1982-09-25 17:08:31', 1),
(75, 3, 1, 'Lorem ipsum dolor sit amet, consectetur adipiscing elit. Donec lectus lectus, tincidunt eget mi ac, aliquam semper mi. Nulla nec rhoncus nunc. Sed ultrices vehicula.', '2007-01-21 03:03:20', 1),
(76, 1, 10, 'Lorem ipsum dolor sit amet, consectetur adipiscing elit. Donec lectus lectus, tincidunt eget mi ac, aliquam semper mi. Nulla nec rhoncus nunc. Sed ultrices vehicula.', '1978-11-06 02:51:44', 1),
(77, 5, 4, 'Lorem ipsum dolor sit amet, consectetur adipiscing elit. Donec lectus lectus, tincidunt eget mi ac, aliquam semper mi. Nulla nec rhoncus nunc. Sed ultrices vehicula.', '1974-06-11 22:54:59', 1),
(78, 1, 5, 'Lorem ipsum dolor sit amet, consectetur adipiscing elit. Donec lectus lectus, tincidunt eget mi ac, aliquam semper mi. Nulla nec rhoncus nunc. Sed ultrices vehicula.', '2012-05-08 22:03:46', 1),
(79, 4, 8, 'Lorem ipsum dolor sit amet, consectetur adipiscing elit. Donec lectus lectus, tincidunt eget mi ac, aliquam semper mi. Nulla nec rhoncus nunc. Sed ultrices vehicula.', '2002-02-13 11:46:35', 0),
(80, 5, 10, 'Lorem ipsum dolor sit amet, consectetur adipiscing elit. Donec lectus lectus, tincidunt eget mi ac, aliquam semper mi. Nulla nec rhoncus nunc. Sed ultrices vehicula.', '2010-08-18 17:07:23', 1),
(81, 1, 6, 'Lorem ipsum dolor sit amet, consectetur adipiscing elit. Donec lectus lectus, tincidunt eget mi ac, aliquam semper mi. Nulla nec rhoncus nunc. Sed ultrices vehicula.', '1993-12-13 13:55:22', 1),
(82, 10, 5, 'Lorem ipsum dolor sit amet, consectetur adipiscing elit. Donec lectus lectus, tincidunt eget mi ac, aliquam semper mi. Nulla nec rhoncus nunc. Sed ultrices vehicula.', '1987-03-31 05:54:39', 1),
(83, 10, 1, 'Lorem ipsum dolor sit amet, consectetur adipiscing elit. Donec lectus lectus, tincidunt eget mi ac, aliquam semper mi. Nulla nec rhoncus nunc. Sed ultrices vehicula.', '2010-08-17 18:03:54', 1),
(84, 3, 8, 'Lorem ipsum dolor sit amet, consectetur adipiscing elit. Donec lectus lectus, tincidunt eget mi ac, aliquam semper mi. Nulla nec rhoncus nunc. Sed ultrices vehicula.', '2022-02-28 00:11:00', 1),
(85, 1, 5, 'Lorem ipsum dolor sit amet, consectetur adipiscing elit. Donec lectus lectus, tincidunt eget mi ac, aliquam semper mi. Nulla nec rhoncus nunc. Sed ultrices vehicula.', '2001-10-20 08:32:05', 1),
(86, 2, 7, 'Lorem ipsum dolor sit amet, consectetur adipiscing elit. Donec lectus lectus, tincidunt eget mi ac, aliquam semper mi. Nulla nec rhoncus nunc. Sed ultrices vehicula.', '1970-02-15 18:52:52', 0),
(87, 4, 3, 'Lorem ipsum dolor sit amet, consectetur adipiscing elit. Donec lectus lectus, tincidunt eget mi ac, aliquam semper mi. Nulla nec rhoncus nunc. Sed ultrices vehicula.', '1994-07-07 15:30:05', 0),
(88, 5, 2, 'Lorem ipsum dolor sit amet, consectetur adipiscing elit. Donec lectus lectus, tincidunt eget mi ac, aliquam semper mi. Nulla nec rhoncus nunc. Sed ultrices vehicula.', '2008-03-23 14:52:05', 1),
(89, 3, 8, 'Lorem ipsum dolor sit amet, consectetur adipiscing elit. Donec lectus lectus, tincidunt eget mi ac, aliquam semper mi. Nulla nec rhoncus nunc. Sed ultrices vehicula.', '2019-01-28 15:16:17', 1),
(90, 1, 6, 'Lorem ipsum dolor sit amet, consectetur adipiscing elit. Donec lectus lectus, tincidunt eget mi ac, aliquam semper mi. Nulla nec rhoncus nunc. Sed ultrices vehicula.', '2002-04-20 20:39:53', 1),
(91, 9, 7, 'Lorem ipsum dolor sit amet, consectetur adipiscing elit. Donec lectus lectus, tincidunt eget mi ac, aliquam semper mi. Nulla nec rhoncus nunc. Sed ultrices vehicula.', '2024-11-21 16:05:11', 1),
(92, 1, 9, 'Lorem ipsum dolor sit amet, consectetur adipiscing elit. Donec lectus lectus, tincidunt eget mi ac, aliquam semper mi. Nulla nec rhoncus nunc. Sed ultrices vehicula.', '1982-01-04 12:10:55', 1),
(93, 8, 7, 'Lorem ipsum dolor sit amet, consectetur adipiscing elit. Donec lectus lectus, tincidunt eget mi ac, aliquam semper mi. Nulla nec rhoncus nunc. Sed ultrices vehicula.', '1997-07-04 04:50:57', 1),
(94, 3, 10, 'Lorem ipsum dolor sit amet, consectetur adipiscing elit. Donec lectus lectus, tincidunt eget mi ac, aliquam semper mi. Nulla nec rhoncus nunc. Sed ultrices vehicula.', '1978-03-30 04:42:21', 1),
(95, 9, 4, 'Lorem ipsum dolor sit amet, consectetur adipiscing elit. Donec lectus lectus, tincidunt eget mi ac, aliquam semper mi. Nulla nec rhoncus nunc. Sed ultrices vehicula.', '2000-02-22 03:50:22', 1),
(96, 5, 10, 'Lorem ipsum dolor sit amet, consectetur adipiscing elit. Donec lectus lectus, tincidunt eget mi ac, aliquam semper mi. Nulla nec rhoncus nunc. Sed ultrices vehicula.', '1997-08-02 21:32:12', 1),
(97, 9, 6, 'Lorem ipsum dolor sit amet, consectetur adipiscing elit. Donec lectus lectus, tincidunt eget mi ac, aliquam semper mi. Nulla nec rhoncus nunc. Sed ultrices vehicula.', '2018-05-05 14:56:08', 1),
(98, 5, 10, 'Lorem ipsum dolor sit amet, consectetur adipiscing elit. Donec lectus lectus, tincidunt eget mi ac, aliquam semper mi. Nulla nec rhoncus nunc. Sed ultrices vehicula.', '1990-07-20 02:06:33', 1),
(99, 4, 6, 'Lorem ipsum dolor sit amet, consectetur adipiscing elit. Donec lectus lectus, tincidunt eget mi ac, aliquam semper mi. Nulla nec rhoncus nunc. Sed ultrices vehicula.', '1998-09-22 20:48:08', 0),
(100, 4, 10, 'Lorem ipsum dolor sit amet, consectetur adipiscing elit. Donec lectus lectus, tincidunt eget mi ac, aliquam semper mi. Nulla nec rhoncus nunc. Sed ultrices vehicula.', '1986-01-17 17:03:03', 0),
(101, 2, 7, 'test new message', '2025-04-07 07:16:13', 0);

-- --------------------------------------------------------

--
-- Structure de la table `user`
--

CREATE TABLE `user` (
  `id` int(11) NOT NULL,
  `pseudo` varchar(45) NOT NULL,
  `avatar` varchar(255) DEFAULT 'https://us.123rf.com/450wm/triken/triken1608/triken160800029/61320775-homme-photo-de-profil-avatar-avatar-de-l-utilisateur-par-d%C3%A9faut-invit%C3%A9-avatar-simplement-la-t%C3%AAte.jpg?ver=6',
  `email` varchar(120) NOT NULL,
  `password` varchar(255) NOT NULL,
  `registerDate` datetime NOT NULL DEFAULT current_timestamp()
) ENGINE=InnoDB DEFAULT CHARSET=utf8 COLLATE=utf8_general_ci;

--
-- Déchargement des données de la table `user`
--

INSERT INTO `user` (`id`, `pseudo`, `avatar`, `email`, `password`, `registerDate`) VALUES
(1, 'user1', 'https://picsum.photos/200?random=1', 'user1@fixture.fr', '$2y$12$VmIHK66GMxcBqRrEYAQsFeBHxFinqfqF86PtAd8OHSELXWpwgNWBi', '2025-04-07 09:12:34'),
(2, 'user2', 'https://picsum.photos/200?random=2', 'user2@fixture.fr', '$2y$12$OZR/0c/QyURN7IqH5Qqcu.Ab4gkLfNvSX73yQDmueWJRN5/6GWug2', '2025-04-07 09:12:34'),
(3, 'user3', 'https://picsum.photos/200?random=3', 'user3@fixture.fr', '$2y$12$BYCjl2afdkGYzRMvXD.Cq.MtnMz.Qd7L/PQOxcGbXkEgx.8VICJaK', '2025-04-07 09:12:35'),
(4, 'user4', 'https://picsum.photos/200?random=4', 'user4@fixture.fr', '$2y$12$ifxhgBrR1SGrOML3FI.jZeiMxu2lb/qHvZpr3cSM3WmmLaW95L0Te', '2025-04-07 09:12:35'),
(5, 'user5', 'https://picsum.photos/200?random=5', 'user5@fixture.fr', '$2y$12$qRsKFMPy2CjjzTnX.L79leZlFodA1/NVrkPD97tFPJ69DQ779e7C6', '2025-04-07 09:12:35'),
(6, 'user6', 'https://picsum.photos/200?random=6', 'user6@fixture.fr', '$2y$12$Y/iWgt9ODU9JskFqlhvi0OqCpA6MqFXAOoOTzFAG4kiqO7vqCmbcS', '2025-04-07 09:12:35'),
(7, 'user7', 'https://picsum.photos/200?random=7', 'user7@fixture.fr', '$2y$12$UeNFyJ0XW5u62ov4.7ewKeq.hU2wgyAM4JJI8VMTxX7KaM5oxnnUa', '2025-04-07 09:12:35'),
(8, 'user8', 'https://picsum.photos/200?random=8', 'user8@fixture.fr', '$2y$12$16YS0IJ2mpjLlJaElBjane8QWZnRzuyEyASWhYYJ0qS99FEeQ4bx.', '2025-04-07 09:12:36'),
(9, 'user9', 'https://picsum.photos/200?random=9', 'user9@fixture.fr', '$2y$12$wcZ7xuA9zKISVUKU2PPkvu49/z7gNbC9a9mbZ9IBHPlwGgGuFCZOy', '2025-04-07 09:12:36'),
(10, 'user10', 'https://picsum.photos/200?random=10', 'user10@fixture.fr', '$2y$12$IbDqyByLhxCMqbYm49m46.XFfL2FnBb.28gsNFA8jgbJy3HwKPvk.', '2025-04-07 09:12:36');

--
-- Index pour les tables déchargées
--

--
-- Index pour la table `book`
--
ALTER TABLE `book`
  ADD PRIMARY KEY (`id`),
  ADD KEY `idMember` (`idMember`);

--
-- Index pour la table `message`
--
ALTER TABLE `message`
  ADD PRIMARY KEY (`id`),
  ADD KEY `idSender` (`idSender`,`idReceiver`),
  ADD KEY `message_ibfk_2` (`idReceiver`);

--
-- Index pour la table `user`
--
ALTER TABLE `user`
  ADD PRIMARY KEY (`id`);

--
-- AUTO_INCREMENT pour les tables déchargées
--

--
-- AUTO_INCREMENT pour la table `book`
--
ALTER TABLE `book`
  MODIFY `id` int(11) NOT NULL AUTO_INCREMENT, AUTO_INCREMENT=31;

--
-- AUTO_INCREMENT pour la table `message`
--
ALTER TABLE `message`
  MODIFY `id` int(11) NOT NULL AUTO_INCREMENT, AUTO_INCREMENT=102;

--
-- AUTO_INCREMENT pour la table `user`
--
ALTER TABLE `user`
  MODIFY `id` int(11) NOT NULL AUTO_INCREMENT, AUTO_INCREMENT=11;

--
-- Contraintes pour les tables déchargées
--

--
-- Contraintes pour la table `book`
--
ALTER TABLE `book`
  ADD CONSTRAINT `book_ibfk_1` FOREIGN KEY (`idMember`) REFERENCES `user` (`id`) ON DELETE CASCADE ON UPDATE CASCADE;

--
-- Contraintes pour la table `message`
--
ALTER TABLE `message`
  ADD CONSTRAINT `message_ibfk_1` FOREIGN KEY (`idSender`) REFERENCES `user` (`id`) ON DELETE CASCADE ON UPDATE CASCADE,
  ADD CONSTRAINT `message_ibfk_2` FOREIGN KEY (`idReceiver`) REFERENCES `user` (`id`) ON DELETE CASCADE ON UPDATE CASCADE;
COMMIT;

/*!40101 SET CHARACTER_SET_CLIENT=@OLD_CHARACTER_SET_CLIENT */;
/*!40101 SET CHARACTER_SET_RESULTS=@OLD_CHARACTER_SET_RESULTS */;
/*!40101 SET COLLATION_CONNECTION=@OLD_COLLATION_CONNECTION */;
